cell_type	n_donors	n_diseases	kw_stat	kw_pval	kw_eta_sq	.y.	group1	group2	n1	n2	statistic	p	p.adj	p.adj.signif	effsize_r	effsize_mag	test	fdr
Pericytes	78	8	20.3118483205831	0.00493405427058692	0.190169261722615	AGTR1_mean	COVID-19	normal	17	36	3.39339601445229	0.000690317618527836	0.0193288933187794	*	0.384226437492214	medium	dunn	0.0248464875768841
Pericytes	78	8	20.3118483205831	0.00493405427058692	0.190169261722615	AGTR1_mean	interstitial lung disease	COVID-19	6	17	-2.55472278529575	0.0106272397422277	0.148781356391188	ns	-0.28926539383963	small	dunn	0.0248464875768841
Pericytes	78	8	20.3118483205831	0.00493405427058692	0.190169261722615	AGTR1_mean	pulmonary sarcoidosis	COVID-19	1	17	-2.22251638404093	0.0262484280380738	0.183738996266517	ns	-0.251650425965964	small	dunn	0.0248464875768841
Pericytes	78	8	20.3118483205831	0.00493405427058692	0.190169261722615	AGTR1_mean	pulmonary fibrosis	normal	13	36	2.28147178674425	0.0225205443542226	0.183738996266517	ns	0.258325810817935	small	dunn	0.0248464875768841
Pericytes	78	8	20.3118483205831	0.00493405427058692	0.190169261722615	AGTR1_mean	pulmonary sarcoidosis	pulmonary fibrosis	1	13	-1.95284787362192	0.050837623880212	0.214228183743398	ns	-0.221116479848021	small	dunn	0.0248464875768841
Pericytes	78	8	20.3118483205831	0.00493405427058692	0.190169261722615	AGTR1_mean	pulmonary sarcoidosis	chronic obstructive pulmonary disease	1	1	-1.99707673412575	0.0458168479034126	0.214228183743398	ns	-0.226124412147508	small	dunn	0.0248464875768841
Pericytes	78	8	20.3118483205831	0.00493405427058692	0.190169261722615	AGTR1_mean	pulmonary fibrosis	interstitial lung disease	13	6	1.93040201121003	0.0535570459358495	0.214228183743398	ns	0.218574986395966	small	dunn	0.0248464875768841
Pericytes	78	8	20.3118483205831	0.00493405427058692	0.190169261722615	AGTR1_mean	chronic obstructive pulmonary disease	interstitial lung disease	1	6	1.62062333486489	0.105098444598006	0.332106918544997	ns	0.183499458306634	small	dunn	0.0248464875768841
Pericytes	78	8	20.3118483205831	0.00493405427058692	0.190169261722615	AGTR1_mean	non-specific interstitial pneumonia	COVID-19	2	17	-1.6129809233153	0.106748652389463	0.332106918544997	ns	-0.182634125598326	small	dunn	0.0248464875768841
Pericytes	78	8	20.3118483205831	0.00493405427058692	0.190169261722615	AGTR1_mean	chronic obstructive pulmonary disease	normal	1	36	1.51505617072718	0.129758179850768	0.363322903582149	ns	0.171546330755343	small	dunn	0.0248464875768841
Pericytes	78	8	20.3118483205831	0.00493405427058692	0.190169261722615	AGTR1_mean	chronic obstructive pulmonary disease	non-specific interstitial pneumonia	1	2	1.42325016270543	0.154663648643202	0.393689287455423	ns	0.161151347307391	small	dunn	0.0248464875768841
Pericytes	78	8	20.3118483205831	0.00493405427058692	0.190169261722615	AGTR1_mean	pulmonary sarcoidosis	normal	1	36	-1.27080928606086	0.203796504364641	0.399156734740013	ns	-0.14389081693844	small	dunn	0.0248464875768841
Pericytes	78	8	20.3118483205831	0.00493405427058692	0.190169261722615	AGTR1_mean	pulmonary fibrosis	non-specific interstitial pneumonia	13	2	1.24466554550842	0.213254715898385	0.399156734740013	ns	0.140930621237024	small	dunn	0.0248464875768841
Pericytes	78	8	20.3118483205831	0.00493405427058692	0.190169261722615	AGTR1_mean	chronic obstructive pulmonary disease	hypersensitivity pneumonitis	1	2	1.2430919142617	0.213833965039293	0.399156734740013	ns	0.140752442584937	small	dunn	0.0248464875768841
Pericytes	78	8	20.3118483205831	0.00493405427058692	0.190169261722615	AGTR1_mean	hypersensitivity pneumonitis	COVID-19	2	17	-1.31781756813381	0.187564725416778	0.399156734740013	ns	-0.14921345675902	small	dunn	0.0248464875768841
Pericytes	78	8	20.3118483205831	0.00493405427058692	0.190169261722615	AGTR1_mean	pulmonary sarcoidosis	hypersensitivity pneumonitis	1	2	-1.06293366581798	0.287812034472821	0.503671060327437	ns	-0.120353537862482	small	dunn	0.0248464875768841
Pericytes	78	8	20.3118483205831	0.00493405427058692	0.190169261722615	AGTR1_mean	pulmonary sarcoidosis	interstitial lung disease	1	6	-0.99416389449695	0.320143082723676	0.527294489191936	ns	-0.112566894591465	small	dunn	0.0248464875768841
Pericytes	78	8	20.3118483205831	0.00493405427058692	0.190169261722615	AGTR1_mean	pulmonary fibrosis	hypersensitivity pneumonitis	13	2	0.954169098621354	0.339998053781378	0.5288858614377	ns	0.108038375705941	small	dunn	0.0248464875768841
Pericytes	78	8	20.3118483205831	0.00493405427058692	0.190169261722615	AGTR1_mean	pulmonary sarcoidosis	non-specific interstitial pneumonia	1	2	-0.882775417374253	0.377357624914925	0.556105973558837	ns	-0.0999546331400276	negligible	dunn	0.0248464875768841
Pericytes	78	8	20.3118483205831	0.00493405427058692	0.190169261722615	AGTR1_mean	pulmonary fibrosis	chronic obstructive pulmonary disease	13	1	-0.768708961978478	0.442066103465555	0.618892544851777	ns	-0.0870391503589362	negligible	dunn	0.0248464875768841
Pericytes	78	8	20.3118483205831	0.00493405427058692	0.190169261722615	AGTR1_mean	pulmonary fibrosis	COVID-19	13	17	-0.706725242006389	0.479737239987492	0.639649653316655	ns	-0.0800208760974115	negligible	dunn	0.0248464875768841
Pericytes	78	8	20.3118483205831	0.00493405427058692	0.190169261722615	AGTR1_mean	chronic obstructive pulmonary disease	COVID-19	1	17	0.522203055047075	0.601528959144569	0.762847638977046	ns	0.0591278526389949	negligible	dunn	0.0248464875768841
Pericytes	78	8	20.3118483205831	0.00493405427058692	0.190169261722615	AGTR1_mean	interstitial lung disease	normal	6	36	-0.486482872017968	0.626624846302574	0.762847638977046	ns	-0.0550833383490649	negligible	dunn	0.0248464875768841
Pericytes	78	8	20.3118483205831	0.00493405427058692	0.190169261722615	AGTR1_mean	interstitial lung disease	hypersensitivity pneumonitis	6	2	-0.279245285087774	0.780056592795983	0.873663383931501	ns	-0.0316183023198046	negligible	dunn	0.0248464875768841
Pericytes	78	8	20.3118483205831	0.00493405427058692	0.190169261722615	AGTR1_mean	non-specific interstitial pneumonia	normal	2	36	-0.285159884270746	0.775521652634052	0.873663383931501	ns	-0.0322879988019097	negligible	dunn	0.0248464875768841
Pericytes	78	8	20.3118483205831	0.00493405427058692	0.190169261722615	AGTR1_mean	hypersensitivity pneumonitis	non-specific interstitial pneumonia	2	2	0.220647890820344	0.82536660845621	0.888856347568226	ns	0.024983453940832	negligible	dunn	0.0248464875768841
Pericytes	78	8	20.3118483205831	0.00493405427058692	0.190169261722615	AGTR1_mean	interstitial lung disease	non-specific interstitial pneumonia	6	2	-0.00900791242218612	0.992812822950974	0.992812822950974	ns	-0.00101994523612272	negligible	dunn	0.0248464875768841
Pericytes	78	8	20.3118483205831	0.00493405427058692	0.190169261722615	AGTR1_mean	hypersensitivity pneumonitis	normal	2	36	0.0185607025264984	0.985191552272247	0.992812822950974	ns	0.00210158572083437	negligible	dunn	0.0248464875768841
Peribronchial fibroblasts	93	7	14.6507313249276	0.023154307707274	0.100589899127065	AGTR1_mean	chronic rhinitis	normal	6	42	3.20736889565449	0.00133955102071566	0.0281305714350289	*	0.332588661197458	medium	dunn	0.047595669994529
Peribronchial fibroblasts	93	7	14.6507313249276	0.023154307707274	0.100589899127065	AGTR1_mean	pulmonary fibrosis	chronic rhinitis	24	6	-2.29764057677672	0.0215822542114502	0.190853156143554	ns	-0.238254228997001	small	dunn	0.047595669994529
Peribronchial fibroblasts	93	7	14.6507313249276	0.023154307707274	0.100589899127065	AGTR1_mean	chronic rhinitis	COVID-19	6	13	2.20770654079561	0.0272647365919363	0.190853156143554	ns	0.228928503894545	small	dunn	0.047595669994529
Peribronchial fibroblasts	93	7	14.6507313249276	0.023154307707274	0.100589899127065	AGTR1_mean	hypersensitivity pneumonitis	normal	2	42	1.93411621657136	0.0530988405101541	0.278768912678309	ns	0.200558508857927	small	dunn	0.047595669994529
Peribronchial fibroblasts	93	7	14.6507313249276	0.023154307707274	0.100589899127065	AGTR1_mean	pulmonary fibrosis	hypersensitivity pneumonitis	24	2	-1.42493619560948	0.154175645555994	0.446371143985792	ns	-0.147759000291998	small	dunn	0.047595669994529
Peribronchial fibroblasts	93	7	14.6507313249276	0.023154307707274	0.100589899127065	AGTR1_mean	pulmonary fibrosis	normal	24	42	1.37205553525609	0.170046150089826	0.446371143985792	ns	0.142275531254806	small	dunn	0.047595669994529
Peribronchial fibroblasts	93	7	14.6507313249276	0.023154307707274	0.100589899127065	AGTR1_mean	interstitial lung disease	normal	5	42	1.60669689181022	0.108120875791975	0.446371143985792	ns	0.166606706488071	small	dunn	0.047595669994529
Peribronchial fibroblasts	93	7	14.6507313249276	0.023154307707274	0.100589899127065	AGTR1_mean	hypersensitivity pneumonitis	COVID-19	2	13	1.43453744178829	0.151418952280489	0.446371143985792	ns	0.148754603141662	small	dunn	0.047595669994529
Peribronchial fibroblasts	93	7	14.6507313249276	0.023154307707274	0.100589899127065	AGTR1_mean	chronic rhinitis	non-specific interstitial pneumonia	6	1	1.26911320184188	0.204400692367659	0.47693494885787	ns	0.131600908545469	small	dunn	0.047595669994529
Peribronchial fibroblasts	93	7	14.6507313249276	0.023154307707274	0.100589899127065	AGTR1_mean	hypersensitivity pneumonitis	non-specific interstitial pneumonia	2	1	1.11925263922084	0.263032374430589	0.552367986304237	ns	0.116061092107156	small	dunn	0.047595669994529
Peribronchial fibroblasts	93	7	14.6507313249276	0.023154307707274	0.100589899127065	AGTR1_mean	chronic rhinitis	interstitial lung disease	6	5	1.05643996559404	0.290767255070073	0.555101123315594	ns	0.109547721270369	small	dunn	0.047595669994529
Peribronchial fibroblasts	93	7	14.6507313249276	0.023154307707274	0.100589899127065	AGTR1_mean	COVID-19	normal	13	42	0.97736856863909	0.328386717896331	0.574676756318579	ns	0.101348399362655	small	dunn	0.047595669994529
Peribronchial fibroblasts	93	7	14.6507313249276	0.023154307707274	0.100589899127065	AGTR1_mean	pulmonary fibrosis	interstitial lung disease	24	5	-0.832021504546108	0.405396806373472	0.608095209560208	ns	-0.0862766109191245	negligible	dunn	0.047595669994529
Peribronchial fibroblasts	93	7	14.6507313249276	0.023154307707274	0.100589899127065	AGTR1_mean	interstitial lung disease	COVID-19	5	13	0.8549476936042	0.39258010547856	0.608095209560208	ns	0.0886539459788743	negligible	dunn	0.047595669994529
Peribronchial fibroblasts	93	7	14.6507313249276	0.023154307707274	0.100589899127065	AGTR1_mean	interstitial lung disease	hypersensitivity pneumonitis	5	2	-0.764595112584422	0.444512680370496	0.622317752518694	ns	-0.0792848197777017	negligible	dunn	0.047595669994529
Peribronchial fibroblasts	93	7	14.6507313249276	0.023154307707274	0.100589899127065	AGTR1_mean	interstitial lung disease	non-specific interstitial pneumonia	5	1	0.667393329411695	0.504520925641308	0.662183714904217	ns	0.0692054643985238	negligible	dunn	0.047595669994529
Peribronchial fibroblasts	93	7	14.6507313249276	0.023154307707274	0.100589899127065	AGTR1_mean	pulmonary fibrosis	non-specific interstitial pneumonia	24	1	0.315567063558099	0.75233114058329	0.917491194559527	ns	0.0327227801357675	negligible	dunn	0.047595669994529
Peribronchial fibroblasts	93	7	14.6507313249276	0.023154307707274	0.100589899127065	AGTR1_mean	non-specific interstitial pneumonia	COVID-19	1	13	-0.270961005307471	0.786421023908166	0.917491194559527	ns	-0.0280973473659442	negligible	dunn	0.047595669994529
Peribronchial fibroblasts	93	7	14.6507313249276	0.023154307707274	0.100589899127065	AGTR1_mean	pulmonary fibrosis	COVID-19	24	13	0.118723831503082	0.905494155272473	1	ns	0.0123110878282011	negligible	dunn	0.047595669994529
Peribronchial fibroblasts	93	7	14.6507313249276	0.023154307707274	0.100589899127065	AGTR1_mean	chronic rhinitis	hypersensitivity pneumonitis	6	2	0	1	1	ns	0	negligible	dunn	0.047595669994529
Peribronchial fibroblasts	93	7	14.6507313249276	0.023154307707274	0.100589899127065	AGTR1_mean	non-specific interstitial pneumonia	normal	1	42	0.0286722887216474	0.977125957674617	1	ns	0.00297317783817124	negligible	dunn	0.047595669994529
Adventitial fibroblasts	137	8	15.7119238555654	0.0278826031539482	0.0675342934539957	AGTR1_mean	COVID-19	normal	16	66	2.97161675304452	0.00296236215545729	0.0829461403528042	ns	0.2538823528763	small	dunn	0.047595669994529
Adventitial fibroblasts	137	8	15.7119238555654	0.0278826031539482	0.0675342934539957	AGTR1_mean	pulmonary fibrosis	COVID-19	35	16	-2.38633489418562	0.017017246632004	0.138826947740642	ns	-0.20387834907242	small	dunn	0.047595669994529
Adventitial fibroblasts	137	8	15.7119238555654	0.0278826031539482	0.0675342934539957	AGTR1_mean	chronic rhinitis	interstitial lung disease	2	6	2.31778246610305	0.0204611465020136	0.138826947740642	ns	0.198021519883678	small	dunn	0.047595669994529
Adventitial fibroblasts	137	8	15.7119238555654	0.0278826031539482	0.0675342934539957	AGTR1_mean	chronic rhinitis	normal	2	66	2.24465130508119	0.0247905263822575	0.138826947740642	ns	0.191773503140004	small	dunn	0.047595669994529
Adventitial fibroblasts	137	8	15.7119238555654	0.0278826031539482	0.0675342934539957	AGTR1_mean	interstitial lung disease	COVID-19	6	16	-2.31757701718802	0.0204723204654291	0.138826947740642	ns	-0.198003967198296	small	dunn	0.047595669994529
Adventitial fibroblasts	137	8	15.7119238555654	0.0278826031539482	0.0675342934539957	AGTR1_mean	pulmonary fibrosis	chronic rhinitis	35	2	-2.06753063425389	0.0386841806638121	0.141619271980882	ns	-0.17664106299388	small	dunn	0.047595669994529
Adventitial fibroblasts	137	8	15.7119238555654	0.0278826031539482	0.0675342934539957	AGTR1_mean	chronic rhinitis	chronic obstructive pulmonary disease	2	10	2.04899453684868	0.0404626491373948	0.141619271980882	ns	0.175057417317648	small	dunn	0.047595669994529
Adventitial fibroblasts	137	8	15.7119238555654	0.0278826031539482	0.0675342934539957	AGTR1_mean	chronic rhinitis	non-specific interstitial pneumonia	2	1	2.04994982557558	0.040369327286119	0.141619271980882	ns	0.175139033141564	small	dunn	0.047595669994529
Adventitial fibroblasts	137	8	15.7119238555654	0.0278826031539482	0.0675342934539957	AGTR1_mean	chronic obstructive pulmonary disease	COVID-19	10	16	-1.99482189733704	0.0460623082260981	0.143304958925639	ns	-0.170429136377098	small	dunn	0.047595669994529
Adventitial fibroblasts	137	8	15.7119238555654	0.0278826031539482	0.0675342934539957	AGTR1_mean	non-specific interstitial pneumonia	COVID-19	1	16	-1.67607601040009	0.093723305033725	0.26242525409443	ns	-0.143196837440067	small	dunn	0.047595669994529
Adventitial fibroblasts	137	8	15.7119238555654	0.0278826031539482	0.0675342934539957	AGTR1_mean	pulmonary fibrosis	interstitial lung disease	35	6	0.881067566950225	0.378281250388589	0.653750318412009	ns	0.0752746822789799	negligible	dunn	0.047595669994529
Adventitial fibroblasts	137	8	15.7119238555654	0.0278826031539482	0.0675342934539957	AGTR1_mean	pulmonary fibrosis	non-specific interstitial pneumonia	35	1	0.993418684814514	0.320505959644284	0.653750318412009	ns	0.0848734860690193	negligible	dunn	0.047595669994529
Adventitial fibroblasts	137	8	15.7119238555654	0.0278826031539482	0.0675342934539957	AGTR1_mean	chronic rhinitis	hypersensitivity pneumonitis	2	1	0.834401687797097	0.404054666482052	0.653750318412009	ns	0.0712877471581239	negligible	dunn	0.047595669994529
Adventitial fibroblasts	137	8	15.7119238555654	0.0278826031539482	0.0675342934539957	AGTR1_mean	chronic rhinitis	COVID-19	2	16	1.04400790483057	0.296481732385356	0.653750318412009	ns	0.0891956148208825	negligible	dunn	0.047595669994529
Adventitial fibroblasts	137	8	15.7119238555654	0.0278826031539482	0.0675342934539957	AGTR1_mean	chronic obstructive pulmonary disease	non-specific interstitial pneumonia	10	1	0.880542906896768	0.378565271976125	0.653750318412009	ns	0.0752298575455431	negligible	dunn	0.047595669994529
Adventitial fibroblasts	137	8	15.7119238555654	0.0278826031539482	0.0675342934539957	AGTR1_mean	interstitial lung disease	hypersensitivity pneumonitis	6	1	-0.805956274082612	0.420268061836292	0.653750318412009	ns	-0.0688574914547348	negligible	dunn	0.047595669994529
Adventitial fibroblasts	137	8	15.7119238555654	0.0278826031539482	0.0675342934539957	AGTR1_mean	hypersensitivity pneumonitis	non-specific interstitial pneumonia	1	1	1.05269556683904	0.292480541104579	0.653750318412009	ns	0.0899378518773417	negligible	dunn	0.047595669994529
Adventitial fibroblasts	137	8	15.7119238555654	0.0278826031539482	0.0675342934539957	AGTR1_mean	non-specific interstitial pneumonia	normal	1	66	-0.892849661403677	0.371937687491387	0.653750318412009	ns	-0.0762812945410048	negligible	dunn	0.047595669994529
Adventitial fibroblasts	137	8	15.7119238555654	0.0278826031539482	0.0675342934539957	AGTR1_mean	pulmonary fibrosis	normal	35	66	0.516126369152714	0.605766152003974	0.70672717733797	ns	0.0440956515835169	negligible	dunn	0.047595669994529
Adventitial fibroblasts	137	8	15.7119238555654	0.0278826031539482	0.0675342934539957	AGTR1_mean	chronic obstructive pulmonary disease	interstitial lung disease	10	6	0.591244051570802	0.55435691072285	0.70672717733797	ns	0.0505133883038999	negligible	dunn	0.047595669994529
Adventitial fibroblasts	137	8	15.7119238555654	0.0278826031539482	0.0675342934539957	AGTR1_mean	chronic obstructive pulmonary disease	hypersensitivity pneumonitis	10	1	-0.538911505860317	0.589947917689404	0.70672717733797	ns	-0.0460423171863433	negligible	dunn	0.047595669994529
Adventitial fibroblasts	137	8	15.7119238555654	0.0278826031539482	0.0675342934539957	AGTR1_mean	interstitial lung disease	non-specific interstitial pneumonia	6	1	0.572345759855768	0.567087754331567	0.70672717733797	ns	0.0488987982794493	negligible	dunn	0.047595669994529
Adventitial fibroblasts	137	8	15.7119238555654	0.0278826031539482	0.0675342934539957	AGTR1_mean	interstitial lung disease	normal	6	66	-0.659904369097387	0.509315200269655	0.70672717733797	ns	-0.05637943510991	negligible	dunn	0.047595669994529
Adventitial fibroblasts	137	8	15.7119238555654	0.0278826031539482	0.0675342934539957	AGTR1_mean	hypersensitivity pneumonitis	normal	1	66	0.58473494612115	0.55872595245594	0.70672717733797	ns	0.0499572778953202	negligible	dunn	0.047595669994529
Adventitial fibroblasts	137	8	15.7119238555654	0.0278826031539482	0.0675342934539957	AGTR1_mean	pulmonary fibrosis	hypersensitivity pneumonitis	35	1	-0.474495149991906	0.635146855707427	0.711364478392318	ns	-0.0405388564945048	negligible	dunn	0.047595669994529
Adventitial fibroblasts	137	8	15.7119238555654	0.0278826031539482	0.0675342934539957	AGTR1_mean	pulmonary fibrosis	chronic obstructive pulmonary disease	35	10	0.234234804495764	0.814802696396542	0.846949629949177	ns	0.0200120298924745	negligible	dunn	0.047595669994529
Adventitial fibroblasts	137	8	15.7119238555654	0.0278826031539482	0.0675342934539957	AGTR1_mean	hypersensitivity pneumonitis	COVID-19	1	16	-0.231789608010601	0.816701428879563	0.846949629949177	ns	-0.0198031226583023	negligible	dunn	0.047595669994529
Adventitial fibroblasts	137	8	15.7119238555654	0.0278826031539482	0.0675342934539957	AGTR1_mean	chronic obstructive pulmonary disease	normal	10	66	0.0705279644362488	0.943773443561951	0.943773443561951	ns	0.00602561064992846	negligible	dunn	0.047595669994529
Alveolar fibroblasts	129	8	15.0436772768666	0.035443584038479	0.0664766717096417	AGTR1_mean	COVID-19	normal	18	72	3.51330828997732	0.000442563653854924	0.0123917823079379	*	0.309329546811186	medium	dunn	0.047595669994529
Alveolar fibroblasts	129	8	15.0436772768666	0.035443584038479	0.0664766717096417	AGTR1_mean	pulmonary fibrosis	COVID-19	21	18	-2.45537041927274	0.0140739482723571	0.197035275812999	ns	-0.216183311101381	small	dunn	0.047595669994529
Alveolar fibroblasts	129	8	15.0436772768666	0.035443584038479	0.0664766717096417	AGTR1_mean	non-specific interstitial pneumonia	COVID-19	1	18	-1.8182257650306	0.0690296335770826	0.644276580052771	ns	-0.16008585227258	small	dunn	0.047595669994529
Alveolar fibroblasts	129	8	15.0436772768666	0.035443584038479	0.0664766717096417	AGTR1_mean	pulmonary sarcoidosis	hypersensitivity pneumonitis	1	1	0.757813134627283	0.448562858148463	0.705554413978513	ns	0.0667217261208053	negligible	dunn	0.047595669994529
Alveolar fibroblasts	129	8	15.0436772768666	0.035443584038479	0.0664766717096417	AGTR1_mean	pulmonary sarcoidosis	non-specific interstitial pneumonia	1	1	0.890430433187057	0.373234807178382	0.705554413978513	ns	0.0783980281919462	negligible	dunn	0.047595669994529
Alveolar fibroblasts	129	8	15.0436772768666	0.035443584038479	0.0664766717096417	AGTR1_mean	pulmonary fibrosis	hypersensitivity pneumonitis	21	1	0.871311252592917	0.383584228056596	0.705554413978513	ns	0.0767146782037148	negligible	dunn	0.047595669994529
Alveolar fibroblasts	129	8	15.0436772768666	0.035443584038479	0.0664766717096417	AGTR1_mean	pulmonary fibrosis	non-specific interstitial pneumonia	21	1	1.05454838296653	0.291631921510966	0.705554413978513	ns	0.0928478079547106	negligible	dunn	0.047595669994529
Alveolar fibroblasts	129	8	15.0436772768666	0.035443584038479	0.0664766717096417	AGTR1_mean	chronic obstructive pulmonary disease	hypersensitivity pneumonitis	9	1	1.07319706607024	0.283182706803996	0.705554413978513	ns	0.0944897329487545	negligible	dunn	0.047595669994529
Alveolar fibroblasts	129	8	15.0436772768666	0.035443584038479	0.0664766717096417	AGTR1_mean	chronic obstructive pulmonary disease	non-specific interstitial pneumonia	9	1	1.25112184281347	0.210890027494644	0.705554413978513	ns	0.11015513604289	small	dunn	0.047595669994529
Alveolar fibroblasts	129	8	15.0436772768666	0.035443584038479	0.0664766717096417	AGTR1_mean	chronic obstructive pulmonary disease	COVID-19	9	18	-1.34538512311292	0.17850089699991	0.705554413978513	ns	-0.118454555100179	small	dunn	0.047595669994529
Alveolar fibroblasts	129	8	15.0436772768666	0.035443584038479	0.0664766717096417	AGTR1_mean	chronic obstructive pulmonary disease	normal	9	72	1.06514846144835	0.286808751982345	0.705554413978513	ns	0.0937810928253541	negligible	dunn	0.047595669994529
Alveolar fibroblasts	129	8	15.0436772768666	0.035443584038479	0.0664766717096417	AGTR1_mean	interstitial lung disease	hypersensitivity pneumonitis	6	1	1.01701555810366	0.309146028243562	0.705554413978513	ns	0.0895432269879629	negligible	dunn	0.047595669994529
Alveolar fibroblasts	129	8	15.0436772768666	0.035443584038479	0.0664766717096417	AGTR1_mean	interstitial lung disease	non-specific interstitial pneumonia	6	1	1.19065236070673	0.233790087060189	0.705554413978513	ns	0.104831095010298	small	dunn	0.047595669994529
Alveolar fibroblasts	129	8	15.0436772768666	0.035443584038479	0.0664766717096417	AGTR1_mean	interstitial lung disease	COVID-19	6	18	-1.23460389849695	0.216977957396496	0.705554413978513	ns	-0.108700812138479	small	dunn	0.047595669994529
Alveolar fibroblasts	129	8	15.0436772768666	0.035443584038479	0.0664766717096417	AGTR1_mean	interstitial lung disease	normal	6	72	0.809191256873633	0.418405143212142	0.705554413978513	ns	0.0712453175505161	negligible	dunn	0.047595669994529
Alveolar fibroblasts	129	8	15.0436772768666	0.035443584038479	0.0664766717096417	AGTR1_mean	hypersensitivity pneumonitis	COVID-19	1	18	-1.63567879579247	0.10190682955854	0.705554413978513	ns	-0.144013487821309	small	dunn	0.047595669994529
Alveolar fibroblasts	129	8	15.0436772768666	0.035443584038479	0.0664766717096417	AGTR1_mean	hypersensitivity pneumonitis	normal	1	72	-0.749475442483266	0.453570694700473	0.705554413978513	ns	-0.065987633260319	negligible	dunn	0.047595669994529
Alveolar fibroblasts	129	8	15.0436772768666	0.035443584038479	0.0664766717096417	AGTR1_mean	non-specific interstitial pneumonia	normal	1	72	-0.935735611621119	0.349409330403071	0.705554413978513	ns	-0.0823869267332976	negligible	dunn	0.047595669994529
Alveolar fibroblasts	129	8	15.0436772768666	0.035443584038479	0.0664766717096417	AGTR1_mean	pulmonary sarcoidosis	COVID-19	1	18	-0.592553257288858	0.553480168952343	0.773666417365693	ns	-0.0521714052426176	negligible	dunn	0.047595669994529
Alveolar fibroblasts	129	8	15.0436772768666	0.035443584038479	0.0664766717096417	AGTR1_mean	pulmonary fibrosis	chronic obstructive pulmonary disease	21	9	-0.600973406993205	0.547857698690568	0.773666417365693	ns	-0.0529127580864765	negligible	dunn	0.047595669994529
Alveolar fibroblasts	129	8	15.0436772768666	0.035443584038479	0.0664766717096417	AGTR1_mean	pulmonary fibrosis	normal	21	72	0.553019857089518	0.58024981302427	0.773666417365693	ns	0.0486906834390533	negligible	dunn	0.047595669994529
Alveolar fibroblasts	129	8	15.0436772768666	0.035443584038479	0.0664766717096417	AGTR1_mean	pulmonary fibrosis	interstitial lung disease	21	6	-0.446494635265022	0.655239986944576	0.833941801565824	ns	-0.0393116606288617	negligible	dunn	0.047595669994529
Alveolar fibroblasts	129	8	15.0436772768666	0.035443584038479	0.0664766717096417	AGTR1_mean	pulmonary sarcoidosis	normal	1	72	0.314868381161609	0.752861589570379	0.916527152520461	ns	0.027722615156702	negligible	dunn	0.047595669994529
Alveolar fibroblasts	129	8	15.0436772768666	0.035443584038479	0.0664766717096417	AGTR1_mean	pulmonary sarcoidosis	pulmonary fibrosis	1	21	0.175758063827756	0.860484016902557	0.980210297459707	ns	0.0154746346591184	negligible	dunn	0.047595669994529
Alveolar fibroblasts	129	8	15.0436772768666	0.035443584038479	0.0664766717096417	AGTR1_mean	pulmonary sarcoidosis	chronic obstructive pulmonary disease	1	9	-0.0564840561089601	0.954956196628209	0.980210297459707	ns	-0.00497314383940813	negligible	dunn	0.047595669994529
Alveolar fibroblasts	129	8	15.0436772768666	0.035443584038479	0.0664766717096417	AGTR1_mean	pulmonary sarcoidosis	interstitial lung disease	1	6	-0.0248052575147235	0.980210297459707	0.980210297459707	ns	-0.00218398114604788	negligible	dunn	0.047595669994529
Alveolar fibroblasts	129	8	15.0436772768666	0.035443584038479	0.0664766717096417	AGTR1_mean	chronic obstructive pulmonary disease	interstitial lung disease	9	6	0.0621324617198561	0.950457346214754	0.980210297459707	ns	0.00547045822334894	negligible	dunn	0.047595669994529
Alveolar fibroblasts	129	8	15.0436772768666	0.035443584038479	0.0664766717096417	AGTR1_mean	hypersensitivity pneumonitis	non-specific interstitial pneumonia	1	1	0.132617298559774	0.894496050991803	0.980210297459707	ns	0.0116763020711409	negligible	dunn	0.047595669994529
Vascular smooth muscle	116	9	13.7195290531034	0.0893751029190869	0.0534535425523681	AGTR1_mean	chronic rhinitis	interstitial lung disease	3	6	2.77879072808274	0.00545616636402648	0.196421989104953	ns	0.25800424198729	small	dunn	0.0893751029190869
Vascular smooth muscle	116	9	13.7195290531034	0.0893751029190869	0.0534535425523681	AGTR1_mean	chronic rhinitis	non-specific interstitial pneumonia	3	1	2.38231678502288	0.0172040905598201	0.28560935312504	ns	0.221192560519846	small	dunn	0.0893751029190869
Vascular smooth muscle	116	9	13.7195290531034	0.0893751029190869	0.0534535425523681	AGTR1_mean	chronic rhinitis	normal	3	61	2.14774054431239	0.0317343725694489	0.28560935312504	ns	0.199412703346327	small	dunn	0.0893751029190869
Vascular smooth muscle	116	9	13.7195290531034	0.0893751029190869	0.0534535425523681	AGTR1_mean	interstitial lung disease	COVID-19	6	16	-2.16672664751248	0.0302557034646062	0.28560935312504	ns	-0.20117551877353	small	dunn	0.0893751029190869
Vascular smooth muscle	116	9	13.7195290531034	0.0893751029190869	0.0534535425523681	AGTR1_mean	pulmonary fibrosis	chronic rhinitis	24	3	-1.91286164697255	0.0557657666251429	0.328483338371348	ns	-0.17760474521024	small	dunn	0.0893751029190869
Vascular smooth muscle	116	9	13.7195290531034	0.0893751029190869	0.0534535425523681	AGTR1_mean	pulmonary fibrosis	interstitial lung disease	24	6	1.73851088047431	0.082120834592837	0.328483338371348	ns	0.161416682937081	small	dunn	0.0893751029190869
Vascular smooth muscle	116	9	13.7195290531034	0.0893751029190869	0.0534535425523681	AGTR1_mean	chronic obstructive pulmonary disease	interstitial lung disease	1	6	1.81914555026866	0.0688892273035431	0.328483338371348	ns	0.168903424075209	small	dunn	0.0893751029190869
Vascular smooth muscle	116	9	13.7195290531034	0.0893751029190869	0.0534535425523681	AGTR1_mean	chronic obstructive pulmonary disease	non-specific interstitial pneumonia	1	1	1.94515350965792	0.0517565053071472	0.328483338371348	ns	0.180602969391103	small	dunn	0.0893751029190869
Vascular smooth muscle	116	9	13.7195290531034	0.0893751029190869	0.0534535425523681	AGTR1_mean	non-specific interstitial pneumonia	COVID-19	1	16	-1.76876586359133	0.0769329556920088	0.328483338371348	ns	-0.164225787597809	small	dunn	0.0893751029190869
Vascular smooth muscle	116	9	13.7195290531034	0.0893751029190869	0.0534535425523681	AGTR1_mean	hypersensitivity pneumonitis	non-specific interstitial pneumonia	2	1	1.67838183218237	0.0932725819998418	0.33578129519943	ns	0.155833840958662	small	dunn	0.0893751029190869
Vascular smooth muscle	116	9	13.7195290531034	0.0893751029190869	0.0534535425523681	AGTR1_mean	pulmonary fibrosis	non-specific interstitial pneumonia	24	1	1.54756677761521	0.121726635294614	0.337089143892776	ns	0.143687968060414	small	dunn	0.0893751029190869
Vascular smooth muscle	116	9	13.7195290531034	0.0893751029190869	0.0534535425523681	AGTR1_mean	interstitial lung disease	hypersensitivity pneumonitis	6	2	-1.55497140334543	0.119952880117144	0.337089143892776	ns	-0.144375470299937	small	dunn	0.0893751029190869
Vascular smooth muscle	116	9	13.7195290531034	0.0893751029190869	0.0534535425523681	AGTR1_mean	interstitial lung disease	normal	6	61	-1.62386083189169	0.104405513575893	0.337089143892776	ns	-0.150771693165298	small	dunn	0.0893751029190869
Vascular smooth muscle	116	9	13.7195290531034	0.0893751029190869	0.0534535425523681	AGTR1_mean	chronic rhinitis	COVID-19	3	16	1.4744593856712	0.140357945225703	0.340562702579373	ns	0.13690011712527	small	dunn	0.0893751029190869
Vascular smooth muscle	116	9	13.7195290531034	0.0893751029190869	0.0534535425523681	AGTR1_mean	non-specific interstitial pneumonia	normal	1	61	-1.46874809903668	0.141901126074739	0.340562702579373	ns	-0.136369837473759	small	dunn	0.0893751029190869
Vascular smooth muscle	116	9	13.7195290531034	0.0893751029190869	0.0534535425523681	AGTR1_mean	lymphangioleiomyomatosis	non-specific interstitial pneumonia	2	1	1.36985576009002	0.170731931935294	0.384146846854411	ns	0.127187914311849	small	dunn	0.0893751029190869
Vascular smooth muscle	116	9	13.7195290531034	0.0893751029190869	0.0534535425523681	AGTR1_mean	chronic obstructive pulmonary disease	normal	1	61	1.25983981855121	0.207727152302493	0.439892793111162	ns	0.116973190577391	small	dunn	0.0893751029190869
Vascular smooth muscle	116	9	13.7195290531034	0.0893751029190869	0.0534535425523681	AGTR1_mean	COVID-19	normal	16	61	1.21925494259845	0.222747444339354	0.445494888678708	ns	0.11320497944493	small	dunn	0.0893751029190869
Vascular smooth muscle	116	9	13.7195290531034	0.0893751029190869	0.0534535425523681	AGTR1_mean	pulmonary fibrosis	chronic obstructive pulmonary disease	24	1	-1.14771698818353	0.251085415781348	0.451953748406426	ns	-0.106562847126144	small	dunn	0.0893751029190869
Vascular smooth muscle	116	9	13.7195290531034	0.0893751029190869	0.0534535425523681	AGTR1_mean	chronic rhinitis	lymphangioleiomyomatosis	3	2	1.17556450013025	0.239768948439263	0.451953748406426	ns	0.109148423700312	small	dunn	0.0893751029190869
Vascular smooth muscle	116	9	13.7195290531034	0.0893751029190869	0.0534535425523681	AGTR1_mean	lymphangioleiomyomatosis	interstitial lung disease	2	6	1.09218229520691	0.274752982863048	0.47100511347951	ns	0.101406580329718	small	dunn	0.0893751029190869
Vascular smooth muscle	116	9	13.7195290531034	0.0893751029190869	0.0534535425523681	AGTR1_mean	chronic obstructive pulmonary disease	lymphangioleiomyomatosis	1	2	0.876214044742266	0.380913682722413	0.596212720782907	ns	0.0813544316769488	negligible	dunn	0.0893751029190869
Vascular smooth muscle	116	9	13.7195290531034	0.0893751029190869	0.0534535425523681	AGTR1_mean	chronic obstructive pulmonary disease	COVID-19	1	16	0.899962734739216	0.368140082498536	0.596212720782907	ns	0.0835594421870715	negligible	dunn	0.0893751029190869
Vascular smooth muscle	116	9	13.7195290531034	0.0893751029190869	0.0534535425523681	AGTR1_mean	pulmonary fibrosis	COVID-19	24	16	-0.755149311546418	0.450159398391404	0.622430442327372	ns	-0.07011385339089	negligible	dunn	0.0893751029190869
Vascular smooth muscle	116	9	13.7195290531034	0.0893751029190869	0.0534535425523681	AGTR1_mean	chronic rhinitis	hypersensitivity pneumonitis	3	2	0.761633338112556	0.446278871646617	0.622430442327372	ns	0.070715880143864	negligible	dunn	0.0893751029190869
Vascular smooth muscle	116	9	13.7195290531034	0.0893751029190869	0.0534535425523681	AGTR1_mean	interstitial lung disease	non-specific interstitial pneumonia	6	1	0.727658220107463	0.466822831745529	0.622430442327372	ns	0.0675613696300835	negligible	dunn	0.0893751029190869
Vascular smooth muscle	116	9	13.7195290531034	0.0893751029190869	0.0534535425523681	AGTR1_mean	hypersensitivity pneumonitis	normal	2	61	0.799954492018618	0.423737164202325	0.622430442327372	ns	0.0742739099608245	negligible	dunn	0.0893751029190869
Vascular smooth muscle	116	9	13.7195290531034	0.0893751029190869	0.0534535425523681	AGTR1_mean	pulmonary fibrosis	hypersensitivity pneumonitis	24	2	-0.646907206920247	0.517692001203561	0.665604001547436	ns	-0.0600638262791137	negligible	dunn	0.0893751029190869
Vascular smooth muscle	116	9	13.7195290531034	0.0893751029190869	0.0534535425523681	AGTR1_mean	chronic obstructive pulmonary disease	hypersensitivity pneumonitis	1	2	0.567687972649919	0.570246859806701	0.707892653553146	ns	0.0527085050301358	negligible	dunn	0.0893751029190869
Vascular smooth muscle	116	9	13.7195290531034	0.0893751029190869	0.0534535425523681	AGTR1_mean	pulmonary fibrosis	normal	24	61	0.409785943561335	0.681962978386963	0.818355574064356	ns	0.0380476696849122	negligible	dunn	0.0893751029190869
Vascular smooth muscle	116	9	13.7195290531034	0.0893751029190869	0.0534535425523681	AGTR1_mean	lymphangioleiomyomatosis	hypersensitivity pneumonitis	2	2	-0.377865724485694	0.705530345844261	0.819325562915916	ns	-0.0350839517469438	negligible	dunn	0.0893751029190869
Vascular smooth muscle	116	9	13.7195290531034	0.0893751029190869	0.0534535425523681	AGTR1_mean	hypersensitivity pneumonitis	COVID-19	2	16	0.309849894078269	0.756675107466292	0.851259495899579	ns	0.0287688404324939	negligible	dunn	0.0893751029190869
Vascular smooth muscle	116	9	13.7195290531034	0.0893751029190869	0.0534535425523681	AGTR1_mean	lymphangioleiomyomatosis	normal	2	61	0.274122336704656	0.783990608852082	0.855262482384089	ns	0.0254516200081274	negligible	dunn	0.0893751029190869
Vascular smooth muscle	116	9	13.7195290531034	0.0893751029190869	0.0534535425523681	AGTR1_mean	lymphangioleiomyomatosis	COVID-19	2	16	-0.193971071902656	0.846198532966618	0.895974917258773	ns	-0.0180097618967645	negligible	dunn	0.0893751029190869
Vascular smooth muscle	116	9	13.7195290531034	0.0893751029190869	0.0534535425523681	AGTR1_mean	pulmonary fibrosis	lymphangioleiomyomatosis	24	2	-0.133488788729575	0.893806830218541	0.919344168224785	ns	-0.0123941228829917	negligible	dunn	0.0893751029190869
Vascular smooth muscle	116	9	13.7195290531034	0.0893751029190869	0.0534535425523681	AGTR1_mean	chronic rhinitis	chronic obstructive pulmonary disease	3	1	0	1	1	ns	0	negligible	dunn	0.0893751029190869
