,Group,dataset_vc[C(dataset)[Banovich_Kropski_2020]],dataset_vc[C(dataset)[Barbry_Leroy_2020]],dataset_vc[C(dataset)[Budinger_2020]],dataset_vc[C(dataset)[Duong_lungMAP_unpubl]],dataset_vc[C(dataset)[Eils_2020]],dataset_vc[C(dataset)[Gomperts2021_UCLA]],dataset_vc[C(dataset)[Gomperts_2021_CFF]],dataset_vc[C(dataset)[Gomperts_2021_CSMC]],dataset_vc[C(dataset)[Kaminski_2020]],dataset_vc[C(dataset)[Krasnow_2020]],dataset_vc[C(dataset)[Lafyatis_2019]],dataset_vc[C(dataset)[Lafyatis_Rojas_2019_10Xv1]],dataset_vc[C(dataset)[Lafyatis_Rojas_2019_10Xv2]],dataset_vc[C(dataset)[Lambrechts_2021]],dataset_vc[C(dataset)[MeyerNikolic_unpubl_UCL]],dataset_vc[C(dataset)[Meyer_2019]],dataset_vc[C(dataset)[Meyer_2021_3prime]],dataset_vc[C(dataset)[Meyer_2021_5prime]],dataset_vc[C(dataset)[Misharin_2021]],dataset_vc[C(dataset)[Misharin_Budinger_2018]],dataset_vc[C(dataset)[Nawijn_2021]],dataset_vc[C(dataset)[Peer_Massague_2020]],dataset_vc[C(dataset)[Regev_2021_Cryo]],dataset_vc[C(dataset)[Regev_2021_Fresh]],dataset_vc[C(dataset)[Regev_2021_Nuclei]],dataset_vc[C(dataset)[Schiller_2020]],dataset_vc[C(dataset)[Schiller_2021]],dataset_vc[C(dataset)[Schultze_unpubl]],dataset_vc[C(dataset)[Seibold_2020_10Xv2]],dataset_vc[C(dataset)[Seibold_2020_10Xv3]],dataset_vc[C(dataset)[Shalek_2018]],dataset_vc[C(dataset)[Sheppard_2020]],dataset_vc[C(dataset)[Sun_2020_batch1]],dataset_vc[C(dataset)[Sun_2020_batch2]],dataset_vc[C(dataset)[Sun_2020_batch3]],dataset_vc[C(dataset)[Sun_2020_batch4]],dataset_vc[C(dataset)[Tata_unpubl]],dataset_vc[C(dataset)[Teichmann_Meyer_2019]],dataset_vc[C(dataset)[Thienpont_2018_10Xv1]],dataset_vc[C(dataset)[Thienpont_2018_10Xv2]],dataset_vc[C(dataset)[Wunderink_2021_cryo]],dataset_vc[C(dataset)[Wunderink_2021_fresh]],dataset_vc[C(dataset)[Xu_2020_LAM1_3]],dataset_vc[C(dataset)[Zhang_2021]]
homosapiens_None_2023_None_sikkemalisa_002_d10_1101_2022_03_10_48374716E0F2ng,8.334665701003887e-06,0.0,0.0,0.0,0.0,8.334665701003887e-06,0.0,0.0,0.0,0.0,0.0,0.0,0.0,0.0,0.0,0.0,0.0,0.0,0.0,0.0,0.0,0.0,0.0,0.0,0.0,0.0,0.0,0.0,0.0,0.0,0.0,0.0,0.0,0.0,0.0,0.0,0.0,0.0,0.0,0.0,0.0,0.0,0.0,0.0,0.0
homosapiens_None_2023_None_sikkemalisa_002_d10_1101_2022_03_10_483747368C,-0.00767647430008603,0.0,0.0,0.0,0.0,0.0,0.0,0.0,0.0,0.0,0.0,0.0,0.0,0.0,0.0,0.0,-0.00767647430008603,0.0,0.0,0.0,0.0,0.0,0.0,0.0,0.0,0.0,0.0,0.0,0.0,0.0,0.0,0.0,0.0,0.0,0.0,0.0,0.0,0.0,0.0,0.0,0.0,0.0,0.0,0.0,0.0
homosapiens_None_2023_None_sikkemalisa_002_d10_1101_2022_03_10_483747A26,-0.00028774079178668687,0.0,0.0,0.0,0.0,0.0,0.0,0.0,0.0,0.0,0.0,0.0,0.0,0.0,0.0,0.0,0.0,-0.00028774079178668687,0.0,0.0,0.0,0.0,0.0,0.0,0.0,0.0,0.0,0.0,0.0,0.0,0.0,0.0,0.0,0.0,0.0,0.0,0.0,0.0,0.0,0.0,0.0,0.0,0.0,0.0,0.0
homosapiens_None_2023_None_sikkemalisa_002_d10_1101_2022_03_10_483747A37,-0.0032318825098921963,0.0,0.0,0.0,0.0,0.0,0.0,0.0,0.0,0.0,0.0,0.0,0.0,0.0,0.0,0.0,0.0,0.0,-0.0032318825098921963,0.0,0.0,0.0,0.0,0.0,0.0,0.0,0.0,0.0,0.0,0.0,0.0,0.0,0.0,0.0,0.0,0.0,0.0,0.0,0.0,0.0,0.0,0.0,0.0,0.0,0.0
homosapiens_None_2023_None_sikkemalisa_002_d10_1101_2022_03_10_483747A40,-0.002743257803237909,0.0,0.0,0.0,0.0,0.0,0.0,0.0,0.0,0.0,0.0,0.0,0.0,0.0,0.0,0.0,0.0,0.0,-0.002743257803237909,0.0,0.0,0.0,0.0,0.0,0.0,0.0,0.0,0.0,0.0,0.0,0.0,0.0,0.0,0.0,0.0,0.0,0.0,0.0,0.0,0.0,0.0,0.0,0.0,0.0,0.0
homosapiens_None_2023_None_sikkemalisa_002_d10_1101_2022_03_10_483747A43,-0.0006183359721721859,0.0,0.0,0.0,0.0,0.0,0.0,0.0,0.0,0.0,0.0,0.0,0.0,0.0,0.0,0.0,0.0,0.0,-0.0006183359721721859,0.0,0.0,0.0,0.0,0.0,0.0,0.0,0.0,0.0,0.0,0.0,0.0,0.0,0.0,0.0,0.0,0.0,0.0,0.0,0.0,0.0,0.0,0.0,0.0,0.0,0.0
homosapiens_None_2023_None_sikkemalisa_002_d10_1101_2022_03_10_483747A44,-2.346759766016112e-05,0.0,0.0,0.0,0.0,0.0,0.0,0.0,0.0,0.0,0.0,0.0,0.0,0.0,0.0,0.0,0.0,0.0,-2.346759766016112e-05,0.0,0.0,0.0,0.0,0.0,0.0,0.0,0.0,0.0,0.0,0.0,0.0,0.0,0.0,0.0,0.0,0.0,0.0,0.0,0.0,0.0,0.0,0.0,0.0,0.0,0.0
homosapiens_None_2023_None_sikkemalisa_002_d10_1101_2022_03_10_483747A9LCTZng,-0.0024329669129097,0.0,0.0,0.0,0.0,-0.0024329669129097,0.0,0.0,0.0,0.0,0.0,0.0,0.0,0.0,0.0,0.0,0.0,0.0,0.0,0.0,0.0,0.0,0.0,0.0,0.0,0.0,0.0,0.0,0.0,0.0,0.0,0.0,0.0,0.0,0.0,0.0,0.0,0.0,0.0,0.0,0.0,0.0,0.0,0.0,0.0
homosapiens_None_2023_None_sikkemalisa_002_d10_1101_2022_03_10_483747Case_1,0.0017703976975932067,0.0,0.0,0.0017703976975932067,0.0,0.0,0.0,0.0,0.0,0.0,0.0,0.0,0.0,0.0,0.0,0.0,0.0,0.0,0.0,0.0,0.0,0.0,0.0,0.0,0.0,0.0,0.0,0.0,0.0,0.0,0.0,0.0,0.0,0.0,0.0,0.0,0.0,0.0,0.0,0.0,0.0,0.0,0.0,0.0,0.0
homosapiens_None_2023_None_sikkemalisa_002_d10_1101_2022_03_10_483747D032,0.0007118712625924053,0.0,0.0,0.0,0.0,0.0,0.0,0.0,0.0,0.0,0.0,0.0,0.0,0.0,0.0,0.0,0.0,0.0,0.0,0.0,0.0,0.0,0.0,0.0,0.0,0.0,0.0,0.0,0.0,0.0,0.0,0.0,0.0,0.0,0.0,0.0007118712625924053,0.0,0.0,0.0,0.0,0.0,0.0,0.0,0.0,0.0
homosapiens_None_2023_None_sikkemalisa_002_d10_1101_2022_03_10_483747D046,0.0006148226437310923,0.0,0.0,0.0,0.0,0.0,0.0,0.0,0.0,0.0,0.0,0.0,0.0,0.0,0.0,0.0,0.0,0.0,0.0,0.0,0.0,0.0,0.0,0.0,0.0,0.0,0.0,0.0,0.0,0.0,0.0,0.0,0.0,0.0,0.0006148226437310923,0.0,0.0,0.0,0.0,0.0,0.0,0.0,0.0,0.0,0.0
homosapiens_None_2023_None_sikkemalisa_002_d10_1101_2022_03_10_483747D062,0.0072417656699425015,0.0,0.0,0.0,0.0,0.0,0.0,0.0,0.0,0.0,0.0,0.0,0.0,0.0,0.0,0.0,0.0,0.0,0.0,0.0,0.0,0.0,0.0,0.0,0.0,0.0,0.0,0.0,0.0,0.0,0.0,0.0,0.0,0.0,0.0,0.0072417656699425015,0.0,0.0,0.0,0.0,0.0,0.0,0.0,0.0,0.0
homosapiens_None_2023_None_sikkemalisa_002_d10_1101_2022_03_10_483747D088,0.0010585210060289982,0.0,0.0,0.0,0.0,0.0,0.0,0.0,0.0,0.0,0.0,0.0,0.0,0.0,0.0,0.0,0.0,0.0,0.0,0.0,0.0,0.0,0.0,0.0,0.0,0.0,0.0,0.0,0.0,0.0,0.0,0.0,0.0,0.0,0.0,0.0,0.0010585210060289982,0.0,0.0,0.0,0.0,0.0,0.0,0.0,0.0
homosapiens_None_2023_None_sikkemalisa_002_d10_1101_2022_03_10_483747D122,0.0008933598516320232,0.0,0.0,0.0,0.0,0.0,0.0,0.0,0.0,0.0,0.0,0.0,0.0,0.0,0.0,0.0,0.0,0.0,0.0,0.0,0.0,0.0,0.0,0.0,0.0,0.0,0.0,0.0,0.0,0.0,0.0,0.0,0.0,0.0,0.0,0.0008933598516320232,0.0,0.0,0.0,0.0,0.0,0.0,0.0,0.0,0.0
homosapiens_None_2023_None_sikkemalisa_002_d10_1101_2022_03_10_483747D139,0.0006832106208866627,0.0,0.0,0.0,0.0,0.0,0.0,0.0,0.0,0.0,0.0,0.0,0.0,0.0,0.0,0.0,0.0,0.0,0.0,0.0,0.0,0.0,0.0,0.0,0.0,0.0,0.0,0.0,0.0,0.0,0.0,0.0,0.0,0.0006832106208866627,0.0,0.0,0.0,0.0,0.0,0.0,0.0,0.0,0.0,0.0,0.0
homosapiens_None_2023_None_sikkemalisa_002_d10_1101_2022_03_10_483747D150,0.000980829603147412,0.0,0.0,0.0,0.0,0.0,0.0,0.0,0.0,0.0,0.0,0.0,0.0,0.0,0.0,0.0,0.0,0.0,0.0,0.0,0.0,0.0,0.0,0.0,0.0,0.0,0.0,0.0,0.0,0.0,0.0,0.0,0.0,0.0,0.0,0.0,0.000980829603147412,0.0,0.0,0.0,0.0,0.0,0.0,0.0,0.0
homosapiens_None_2023_None_sikkemalisa_002_d10_1101_2022_03_10_483747D175,-0.0006161099028380533,0.0,0.0,0.0,0.0,0.0,0.0,0.0,0.0,0.0,0.0,0.0,0.0,0.0,0.0,0.0,0.0,0.0,0.0,0.0,0.0,0.0,0.0,0.0,0.0,0.0,0.0,0.0,0.0,0.0,0.0,0.0,0.0,0.0,-0.0006161099028380533,0.0,0.0,0.0,0.0,0.0,0.0,0.0,0.0,0.0,0.0
homosapiens_None_2023_None_sikkemalisa_002_d10_1101_2022_03_10_483747D231,-0.0002687848906344577,0.0,0.0,0.0,0.0,0.0,0.0,0.0,0.0,0.0,0.0,0.0,0.0,0.0,0.0,0.0,0.0,0.0,0.0,0.0,0.0,0.0,0.0,0.0,0.0,0.0,0.0,0.0,0.0,0.0,0.0,0.0,0.0,0.0,0.0,0.0,-0.0002687848906344577,0.0,0.0,0.0,0.0,0.0,0.0,0.0,0.0
homosapiens_None_2023_None_sikkemalisa_002_d10_1101_2022_03_10_483747D239,0.002719858770150833,0.0,0.0,0.0,0.002719858770150833,0.0,0.0,0.0,0.0,0.0,0.0,0.0,0.0,0.0,0.0,0.0,0.0,0.0,0.0,0.0,0.0,0.0,0.0,0.0,0.0,0.0,0.0,0.0,0.0,0.0,0.0,0.0,0.0,0.0,0.0,0.0,0.0,0.0,0.0,0.0,0.0,0.0,0.0,0.0,0.0
homosapiens_None_2023_None_sikkemalisa_002_d10_1101_2022_03_10_483747DD046Q,0.0008834727664971719,0.0,0.0,0.0,0.0,0.0,0.0,0.0,0.0,0.0,0.0,0.0,0.0,0.0,0.0,0.0,0.0,0.0,0.0,0.0,0.0,0.0,0.0,0.0,0.0,0.0,0.0,0.0,0.0,0.0,0.0,0.0,0.0,0.0,0.0,0.0,0.0,0.0008834727664971719,0.0,0.0,0.0,0.0,0.0,0.0,0.0
homosapiens_None_2023_None_sikkemalisa_002_d10_1101_2022_03_10_483747DD047Q,-6.045058559677595e-06,0.0,0.0,0.0,0.0,0.0,0.0,0.0,0.0,0.0,0.0,0.0,0.0,0.0,0.0,0.0,0.0,0.0,0.0,0.0,0.0,0.0,0.0,0.0,0.0,0.0,0.0,0.0,0.0,0.0,0.0,0.0,0.0,0.0,0.0,0.0,0.0,-6.045058559677595e-06,0.0,0.0,0.0,0.0,0.0,0.0,0.0
homosapiens_None_2023_None_sikkemalisa_002_d10_1101_2022_03_10_483747DD073R,-0.004445967520287999,0.0,0.0,0.0,0.0,0.0,0.0,0.0,0.0,0.0,0.0,0.0,0.0,0.0,0.0,0.0,0.0,0.0,0.0,0.0,0.0,0.0,0.0,0.0,0.0,0.0,0.0,0.0,0.0,0.0,0.0,0.0,0.0,0.0,0.0,0.0,0.0,-0.004445967520287999,0.0,0.0,0.0,0.0,0.0,0.0,0.0
homosapiens_None_2023_None_sikkemalisa_002_d10_1101_2022_03_10_483747JVV9L8ng,-0.0006961402287711659,0.0,0.0,0.0,0.0,-0.0006961402287711659,0.0,0.0,0.0,0.0,0.0,0.0,0.0,0.0,0.0,0.0,0.0,0.0,0.0,0.0,0.0,0.0,0.0,0.0,0.0,0.0,0.0,0.0,0.0,0.0,0.0,0.0,0.0,0.0,0.0,0.0,0.0,0.0,0.0,0.0,0.0,0.0,0.0,0.0,0.0
homosapiens_None_2023_None_sikkemalisa_002_d10_1101_2022_03_10_483747NU_CZI01,-0.002742841603525571,0.0,0.0,0.0,0.0,0.0,0.0,0.0,0.0,0.0,0.0,0.0,0.0,0.0,0.0,0.0,0.0,0.0,0.0,-0.002742841603525571,0.0,0.0,0.0,0.0,0.0,0.0,0.0,0.0,0.0,0.0,0.0,0.0,0.0,0.0,0.0,0.0,0.0,0.0,0.0,0.0,0.0,0.0,0.0,0.0,0.0
homosapiens_None_2023_None_sikkemalisa_002_d10_1101_2022_03_10_483747NU_CZI02,-0.0009387839408856854,0.0,0.0,0.0,0.0,0.0,0.0,0.0,0.0,0.0,0.0,0.0,0.0,0.0,0.0,0.0,0.0,0.0,0.0,-0.0009387839408856854,0.0,0.0,0.0,0.0,0.0,0.0,0.0,0.0,0.0,0.0,0.0,0.0,0.0,0.0,0.0,0.0,0.0,0.0,0.0,0.0,0.0,0.0,0.0,0.0,0.0
homosapiens_None_2023_None_sikkemalisa_002_d10_1101_2022_03_10_483747PMB_1,-0.00291446861328892,0.0,0.0,-0.00291446861328892,0.0,0.0,0.0,0.0,0.0,0.0,0.0,0.0,0.0,0.0,0.0,0.0,0.0,0.0,0.0,0.0,0.0,0.0,0.0,0.0,0.0,0.0,0.0,0.0,0.0,0.0,0.0,0.0,0.0,0.0,0.0,0.0,0.0,0.0,0.0,0.0,0.0,0.0,0.0,0.0,0.0
homosapiens_None_2023_None_sikkemalisa_002_d10_1101_2022_03_10_483747PMB_2,-0.002365421331056512,0.0,0.0,-0.002365421331056512,0.0,0.0,0.0,0.0,0.0,0.0,0.0,0.0,0.0,0.0,0.0,0.0,0.0,0.0,0.0,0.0,0.0,0.0,0.0,0.0,0.0,0.0,0.0,0.0,0.0,0.0,0.0,0.0,0.0,0.0,0.0,0.0,0.0,0.0,0.0,0.0,0.0,0.0,0.0,0.0,0.0
homosapiens_None_2023_None_sikkemalisa_002_d10_1101_2022_03_10_483747Patient_1,0.002092721408154894,0.0,0.0,0.0,0.0,0.0,0.0,0.0,0.0,0.0,0.0,0.0,0.0,0.0,0.0,0.0,0.0,0.0,0.0,0.0,0.0,0.0,0.0,0.0,0.0,0.0,0.0,0.002092721408154894,0.0,0.0,0.0,0.0,0.0,0.0,0.0,0.0,0.0,0.0,0.0,0.0,0.0,0.0,0.0,0.0,0.0
homosapiens_None_2023_None_sikkemalisa_002_d10_1101_2022_03_10_483747Patient_3,0.004917156493424433,0.0,0.0,0.0,0.0,0.0,0.0,0.0,0.0,0.0,0.0,0.0,0.0,0.0,0.0,0.0,0.0,0.0,0.0,0.0,0.0,0.0,0.0,0.0,0.0,0.0,0.0,0.004917156493424433,0.0,0.0,0.0,0.0,0.0,0.0,0.0,0.0,0.0,0.0,0.0,0.0,0.0,0.0,0.0,0.0,0.0
homosapiens_None_2023_None_sikkemalisa_002_d10_1101_2022_03_10_483747Patient_4,-0.0010117809101678214,0.0,0.0,0.0,0.0,0.0,0.0,0.0,0.0,0.0,0.0,0.0,0.0,0.0,0.0,0.0,0.0,0.0,0.0,0.0,0.0,0.0,0.0,0.0,0.0,0.0,0.0,-0.0010117809101678214,0.0,0.0,0.0,0.0,0.0,0.0,0.0,0.0,0.0,0.0,0.0,0.0,0.0,0.0,0.0,0.0,0.0
homosapiens_None_2023_None_sikkemalisa_002_d10_1101_2022_03_10_483747SAMN12574699,-7.555818411631157e-16,0.0,0.0,0.0,0.0,0.0,0.0,0.0,0.0,0.0,0.0,0.0,0.0,0.0,0.0,0.0,0.0,0.0,0.0,0.0,0.0,0.0,0.0,0.0,0.0,0.0,0.0,0.0,0.0,0.0,0.0,0.0,0.0,0.0,0.0,0.0,0.0,0.0,0.0,0.0,0.0,0.0,0.0,-7.555818411631157e-16,0.0
homosapiens_None_2023_None_sikkemalisa_002_d10_1101_2022_03_10_483747SSc_1,0.000595204207822139,0.0,0.0,0.0,0.0,0.0,0.0,0.0,0.0,0.0,0.0,0.000595204207822139,0.0,0.0,0.0,0.0,0.0,0.0,0.0,0.0,0.0,0.0,0.0,0.0,0.0,0.0,0.0,0.0,0.0,0.0,0.0,0.0,0.0,0.0,0.0,0.0,0.0,0.0,0.0,0.0,0.0,0.0,0.0,0.0,0.0
homosapiens_None_2023_None_sikkemalisa_002_d10_1101_2022_03_10_483747SSc_2,0.0015021779550139596,0.0,0.0,0.0,0.0,0.0,0.0,0.0,0.0,0.0,0.0,0.0015021779550139596,0.0,0.0,0.0,0.0,0.0,0.0,0.0,0.0,0.0,0.0,0.0,0.0,0.0,0.0,0.0,0.0,0.0,0.0,0.0,0.0,0.0,0.0,0.0,0.0,0.0,0.0,0.0,0.0,0.0,0.0,0.0,0.0,0.0
homosapiens_None_2023_None_sikkemalisa_002_d10_1101_2022_03_10_483747SSc_3,-0.0006320676648508194,0.0,0.0,0.0,0.0,0.0,0.0,0.0,0.0,0.0,0.0,-0.0006320676648508194,0.0,0.0,0.0,0.0,0.0,0.0,0.0,0.0,0.0,0.0,0.0,0.0,0.0,0.0,0.0,0.0,0.0,0.0,0.0,0.0,0.0,0.0,0.0,0.0,0.0,0.0,0.0,0.0,0.0,0.0,0.0,0.0,0.0
homosapiens_None_2023_None_sikkemalisa_002_d10_1101_2022_03_10_483747SSc_4,0.0045449047787769915,0.0,0.0,0.0,0.0,0.0,0.0,0.0,0.0,0.0,0.0,0.0045449047787769915,0.0,0.0,0.0,0.0,0.0,0.0,0.0,0.0,0.0,0.0,0.0,0.0,0.0,0.0,0.0,0.0,0.0,0.0,0.0,0.0,0.0,0.0,0.0,0.0,0.0,0.0,0.0,0.0,0.0,0.0,0.0,0.0,0.0
homosapiens_None_2023_None_sikkemalisa_002_d10_1101_2022_03_10_483747VUHD101,-0.0004668936174318156,-0.0004668936174318156,0.0,0.0,0.0,0.0,0.0,0.0,0.0,0.0,0.0,0.0,0.0,0.0,0.0,0.0,0.0,0.0,0.0,0.0,0.0,0.0,0.0,0.0,0.0,0.0,0.0,0.0,0.0,0.0,0.0,0.0,0.0,0.0,0.0,0.0,0.0,0.0,0.0,0.0,0.0,0.0,0.0,0.0,0.0
homosapiens_None_2023_None_sikkemalisa_002_d10_1101_2022_03_10_483747VUHD104,-0.006754031555313306,-0.006754031555313306,0.0,0.0,0.0,0.0,0.0,0.0,0.0,0.0,0.0,0.0,0.0,0.0,0.0,0.0,0.0,0.0,0.0,0.0,0.0,0.0,0.0,0.0,0.0,0.0,0.0,0.0,0.0,0.0,0.0,0.0,0.0,0.0,0.0,0.0,0.0,0.0,0.0,0.0,0.0,0.0,0.0,0.0,0.0
homosapiens_None_2023_None_sikkemalisa_002_d10_1101_2022_03_10_483747VUHD66,-0.001760723572173138,-0.001760723572173138,0.0,0.0,0.0,0.0,0.0,0.0,0.0,0.0,0.0,0.0,0.0,0.0,0.0,0.0,0.0,0.0,0.0,0.0,0.0,0.0,0.0,0.0,0.0,0.0,0.0,0.0,0.0,0.0,0.0,0.0,0.0,0.0,0.0,0.0,0.0,0.0,0.0,0.0,0.0,0.0,0.0,0.0,0.0
homosapiens_None_2023_None_sikkemalisa_002_d10_1101_2022_03_10_483747VUHD67,-0.0037966318928411742,-0.0037966318928411742,0.0,0.0,0.0,0.0,0.0,0.0,0.0,0.0,0.0,0.0,0.0,0.0,0.0,0.0,0.0,0.0,0.0,0.0,0.0,0.0,0.0,0.0,0.0,0.0,0.0,0.0,0.0,0.0,0.0,0.0,0.0,0.0,0.0,0.0,0.0,0.0,0.0,0.0,0.0,0.0,0.0,0.0,0.0
homosapiens_None_2023_None_sikkemalisa_002_d10_1101_2022_03_10_483747VUHD68,0.0006675151657632054,0.0006675151657632054,0.0,0.0,0.0,0.0,0.0,0.0,0.0,0.0,0.0,0.0,0.0,0.0,0.0,0.0,0.0,0.0,0.0,0.0,0.0,0.0,0.0,0.0,0.0,0.0,0.0,0.0,0.0,0.0,0.0,0.0,0.0,0.0,0.0,0.0,0.0,0.0,0.0,0.0,0.0,0.0,0.0,0.0,0.0
homosapiens_None_2023_None_sikkemalisa_002_d10_1101_2022_03_10_483747VUHD69,-0.0036159453601348813,-0.0036159453601348813,0.0,0.0,0.0,0.0,0.0,0.0,0.0,0.0,0.0,0.0,0.0,0.0,0.0,0.0,0.0,0.0,0.0,0.0,0.0,0.0,0.0,0.0,0.0,0.0,0.0,0.0,0.0,0.0,0.0,0.0,0.0,0.0,0.0,0.0,0.0,0.0,0.0,0.0,0.0,0.0,0.0,0.0,0.0
homosapiens_None_2023_None_sikkemalisa_002_d10_1101_2022_03_10_483747VUHD70,-0.0021011793798109434,-0.0021011793798109434,0.0,0.0,0.0,0.0,0.0,0.0,0.0,0.0,0.0,0.0,0.0,0.0,0.0,0.0,0.0,0.0,0.0,0.0,0.0,0.0,0.0,0.0,0.0,0.0,0.0,0.0,0.0,0.0,0.0,0.0,0.0,0.0,0.0,0.0,0.0,0.0,0.0,0.0,0.0,0.0,0.0,0.0,0.0
homosapiens_None_2023_None_sikkemalisa_002_d10_1101_2022_03_10_483747VUHD85,0.0018757159584153794,0.0018757159584153794,0.0,0.0,0.0,0.0,0.0,0.0,0.0,0.0,0.0,0.0,0.0,0.0,0.0,0.0,0.0,0.0,0.0,0.0,0.0,0.0,0.0,0.0,0.0,0.0,0.0,0.0,0.0,0.0,0.0,0.0,0.0,0.0,0.0,0.0,0.0,0.0,0.0,0.0,0.0,0.0,0.0,0.0,0.0
homosapiens_None_2023_None_sikkemalisa_002_d10_1101_2022_03_10_483747VUHD92,0.003699452080142617,0.003699452080142617,0.0,0.0,0.0,0.0,0.0,0.0,0.0,0.0,0.0,0.0,0.0,0.0,0.0,0.0,0.0,0.0,0.0,0.0,0.0,0.0,0.0,0.0,0.0,0.0,0.0,0.0,0.0,0.0,0.0,0.0,0.0,0.0,0.0,0.0,0.0,0.0,0.0,0.0,0.0,0.0,0.0,0.0,0.0
homosapiens_None_2023_None_sikkemalisa_002_d10_1101_2022_03_10_483747VUHD94,0.0023174915589984453,0.0023174915589984453,0.0,0.0,0.0,0.0,0.0,0.0,0.0,0.0,0.0,0.0,0.0,0.0,0.0,0.0,0.0,0.0,0.0,0.0,0.0,0.0,0.0,0.0,0.0,0.0,0.0,0.0,0.0,0.0,0.0,0.0,0.0,0.0,0.0,0.0,0.0,0.0,0.0,0.0,0.0,0.0,0.0,0.0,0.0
homosapiens_None_2023_None_sikkemalisa_002_d10_1101_2022_03_10_483747VUHD95,0.002899865267945916,0.002899865267945916,0.0,0.0,0.0,0.0,0.0,0.0,0.0,0.0,0.0,0.0,0.0,0.0,0.0,0.0,0.0,0.0,0.0,0.0,0.0,0.0,0.0,0.0,0.0,0.0,0.0,0.0,0.0,0.0,0.0,0.0,0.0,0.0,0.0,0.0,0.0,0.0,0.0,0.0,0.0,0.0,0.0,0.0,0.0
homosapiens_None_2023_None_sikkemalisa_002_d10_1101_2022_03_10_483747VUHD98,0.0008007172659336722,0.0008007172659336722,0.0,0.0,0.0,0.0,0.0,0.0,0.0,0.0,0.0,0.0,0.0,0.0,0.0,0.0,0.0,0.0,0.0,0.0,0.0,0.0,0.0,0.0,0.0,0.0,0.0,0.0,0.0,0.0,0.0,0.0,0.0,0.0,0.0,0.0,0.0,0.0,0.0,0.0,0.0,0.0,0.0,0.0,0.0
homosapiens_None_2023_None_sikkemalisa_002_d10_1101_2022_03_10_483747donor 1,0.00563897956035468,0.0,0.0,0.0,0.0,0.0,0.0,0.0,0.0,0.0,0.00563897956035468,0.0,0.0,0.0,0.0,0.0,0.0,0.0,0.0,0.0,0.0,0.0,0.0,0.0,0.0,0.0,0.0,0.0,0.0,0.0,0.0,0.0,0.0,0.0,0.0,0.0,0.0,0.0,0.0,0.0,0.0,0.0,0.0,0.0,0.0
homosapiens_None_2023_None_sikkemalisa_002_d10_1101_2022_03_10_483747donor 2,0.004726159583907329,0.0,0.0,0.0,0.0,0.0,0.0,0.0,0.0,0.0,0.004726159583907329,0.0,0.0,0.0,0.0,0.0,0.0,0.0,0.0,0.0,0.0,0.0,0.0,0.0,0.0,0.0,0.0,0.0,0.0,0.0,0.0,0.0,0.0,0.0,0.0,0.0,0.0,0.0,0.0,0.0,0.0,0.0,0.0,0.0,0.0
homosapiens_None_2023_None_sikkemalisa_002_d10_1101_2022_03_10_483747donor 3,0.002472792516939004,0.0,0.0,0.0,0.0,0.0,0.0,0.0,0.0,0.0,0.002472792516939004,0.0,0.0,0.0,0.0,0.0,0.0,0.0,0.0,0.0,0.0,0.0,0.0,0.0,0.0,0.0,0.0,0.0,0.0,0.0,0.0,0.0,0.0,0.0,0.0,0.0,0.0,0.0,0.0,0.0,0.0,0.0,0.0,0.0,0.0
homosapiens_None_2023_None_sikkemalisa_002_d10_1101_2022_03_10_483747lafy_donor_4,0.001071515190653961,0.0,0.0,0.0,0.0,0.0,0.0,0.0,0.0,0.0,0.0,0.0,0.0,0.001071515190653961,0.0,0.0,0.0,0.0,0.0,0.0,0.0,0.0,0.0,0.0,0.0,0.0,0.0,0.0,0.0,0.0,0.0,0.0,0.0,0.0,0.0,0.0,0.0,0.0,0.0,0.0,0.0,0.0,0.0,0.0,0.0
homosapiens_None_2023_None_sikkemalisa_002_d10_1101_2022_03_10_483747lafy_donor_6,-0.0010910967599037172,0.0,0.0,0.0,0.0,0.0,0.0,0.0,0.0,0.0,0.0,0.0,0.0,-0.0010910967599037172,0.0,0.0,0.0,0.0,0.0,0.0,0.0,0.0,0.0,0.0,0.0,0.0,0.0,0.0,0.0,0.0,0.0,0.0,0.0,0.0,0.0,0.0,0.0,0.0,0.0,0.0,0.0,0.0,0.0,0.0,0.0
homosapiens_None_2023_None_sikkemalisa_002_d10_1101_2022_03_10_483747muc10380,0.00010456911546137364,0.0,0.0,0.0,0.0,0.0,0.0,0.0,0.0,0.0,0.0,0.0,0.0,0.0,0.0,0.0,0.0,0.0,0.0,0.0,0.0,0.0,0.0,0.0,0.0,0.0,0.00010456911546137364,0.0,0.0,0.0,0.0,0.0,0.0,0.0,0.0,0.0,0.0,0.0,0.0,0.0,0.0,0.0,0.0,0.0,0.0
homosapiens_None_2023_None_sikkemalisa_002_d10_1101_2022_03_10_483747muc10381,-0.0043912042522607185,0.0,0.0,0.0,0.0,0.0,0.0,0.0,0.0,0.0,0.0,0.0,0.0,0.0,0.0,0.0,0.0,0.0,0.0,0.0,0.0,0.0,0.0,0.0,0.0,0.0,-0.0043912042522607185,0.0,0.0,0.0,0.0,0.0,0.0,0.0,0.0,0.0,0.0,0.0,0.0,0.0,0.0,0.0,0.0,0.0,0.0
homosapiens_None_2023_None_sikkemalisa_002_d10_1101_2022_03_10_483747muc8257,-0.0003336881632791686,0.0,0.0,0.0,0.0,0.0,0.0,0.0,0.0,0.0,0.0,0.0,0.0,0.0,0.0,0.0,0.0,0.0,0.0,0.0,0.0,0.0,0.0,0.0,0.0,0.0,-0.0003336881632791686,0.0,0.0,0.0,0.0,0.0,0.0,0.0,0.0,0.0,0.0,0.0,0.0,0.0,0.0,0.0,0.0,0.0,0.0
homosapiens_None_2023_None_sikkemalisa_002_d10_1101_2022_03_10_483747muc9833,0.00047054944012845577,0.0,0.0,0.0,0.0,0.0,0.0,0.0,0.0,0.0,0.0,0.0,0.0,0.0,0.0,0.0,0.0,0.0,0.0,0.0,0.0,0.0,0.0,0.0,0.0,0.0,0.00047054944012845577,0.0,0.0,0.0,0.0,0.0,0.0,0.0,0.0,0.0,0.0,0.0,0.0,0.0,0.0,0.0,0.0,0.0,0.0
