gene	block	block_type	block_rank	pericyte_state	mean_expr	frac_expr
TIMP1	activated_migratory	curated	1	0	2.3415825	0.9085948158253752
TIMP1	activated_migratory	curated	1	1	0.7832887	0.3247933884297521
TIMP1	activated_migratory	curated	1	2	2.0177917	0.6955587392550143
TIMP1	activated_migratory	curated	1	3	1.9147494	0.7986870897155361
TIMP1	activated_migratory	curated	1	4	1.6537101	0.5863636363636363
TIMP1	activated_migratory	curated	1	5	1.4544746	0.6194690265486725
THBS1	activated_migratory	curated	2	0	0.91186666	0.421043656207367
THBS1	activated_migratory	curated	2	1	0.67934257	0.2892561983471074
THBS1	activated_migratory	curated	2	2	0.54311764	0.2020057306590258
THBS1	activated_migratory	curated	2	3	0.7872086	0.3741794310722101
THBS1	activated_migratory	curated	2	4	1.3487196	0.4863636363636364
THBS1	activated_migratory	curated	2	5	1.0399598	0.46017699115044247
ADAMTS1	activated_migratory	curated	3	0	1.0143365	0.4633356070941337
ADAMTS1	activated_migratory	curated	3	1	0.5286807	0.21928374655647384
ADAMTS1	activated_migratory	curated	3	2	0.54779536	0.20487106017191978
ADAMTS1	activated_migratory	curated	3	3	0.79388946	0.3676148796498906
ADAMTS1	activated_migratory	curated	3	4	0.9949034	0.36818181818181817
ADAMTS1	activated_migratory	curated	3	5	1.1591046	0.5132743362831859
SERPINE1	activated_migratory	curated	4	0	0.21390416	0.10811732605729878
SERPINE1	activated_migratory	curated	4	1	0.2590665	0.10881542699724518
SERPINE1	activated_migratory	curated	4	2	0.13788508	0.053724928366762174
SERPINE1	activated_migratory	curated	4	3	0.26302445	0.13129102844638948
SERPINE1	activated_migratory	curated	4	4	0.4277874	0.17272727272727273
SERPINE1	activated_migratory	curated	4	5	0.52352923	0.23008849557522124
LAMB1	basement_membrane	curated	1	0	1.1707771	0.5458731241473397
LAMB1	basement_membrane	curated	1	1	2.0376182	0.7680440771349862
LAMB1	basement_membrane	curated	1	2	0.8162969	0.30587392550143266
LAMB1	basement_membrane	curated	1	3	1.9298685	0.8008752735229759
LAMB1	basement_membrane	curated	1	4	1.0951935	0.4318181818181818
LAMB1	basement_membrane	curated	1	5	1.8405799	0.7610619469026548
LAMC3	basement_membrane	curated	2	0	1.2730031	0.5850954979536153
LAMC3	basement_membrane	curated	2	1	1.6008898	0.6396694214876033
LAMC3	basement_membrane	curated	2	2	0.80753386	0.2987106017191977
LAMC3	basement_membrane	curated	2	3	1.8891677	0.8140043763676149
LAMC3	basement_membrane	curated	2	4	0.85194266	0.3409090909090909
LAMC3	basement_membrane	curated	2	5	0.9994441	0.46017699115044247
NID1	basement_membrane	curated	3	0	1.1957439	0.5535470668485676
NID1	basement_membrane	curated	3	1	1.6920729	0.6801652892561983
NID1	basement_membrane	curated	3	2	0.87734145	0.32879656160458454
NID1	basement_membrane	curated	3	3	1.9032174	0.8096280087527352
NID1	basement_membrane	curated	3	4	1.2329694	0.4863636363636364
NID1	basement_membrane	curated	3	5	1.8740008	0.7876106194690266
LAMA2	basement_membrane	curated	4	0	0.5101836	0.25835607094133695
LAMA2	basement_membrane	curated	4	1	1.3240786	0.5473829201101928
LAMA2	basement_membrane	curated	4	2	0.35408738	0.1361031518624642
LAMA2	basement_membrane	curated	4	3	1.1776205	0.5448577680525164
LAMA2	basement_membrane	curated	4	4	0.583702	0.2409090909090909
LAMA2	basement_membrane	curated	4	5	0.62243056	0.2831858407079646
DCN	fibroblast_like	curated	1	0	2.2344358	0.8920532060027285
DCN	fibroblast_like	curated	1	1	0.8991139	0.3785123966942149
DCN	fibroblast_like	curated	1	2	1.771362	0.6232091690544412
DCN	fibroblast_like	curated	1	3	1.9673121	0.8183807439824945
DCN	fibroblast_like	curated	1	4	1.2342975	0.4681818181818182
DCN	fibroblast_like	curated	1	5	1.1246924	0.49557522123893805
COL1A2	fibroblast_like	curated	2	0	1.6100148	0.6857094133697135
COL1A2	fibroblast_like	curated	2	1	1.0911242	0.44242424242424244
COL1A2	fibroblast_like	curated	2	2	1.2786092	0.45916905444126077
COL1A2	fibroblast_like	curated	2	3	1.8805054	0.7724288840262582
COL1A2	fibroblast_like	curated	2	4	1.3538036	0.509090909090909
COL1A2	fibroblast_like	curated	2	5	1.7356671	0.7345132743362832
COL4A1	fibroblast_like	curated	3	0	1.9609892	0.8071282401091405
COL4A1	fibroblast_like	curated	3	1	2.289374	0.8402203856749312
COL4A1	fibroblast_like	curated	3	2	1.6286609	0.578080229226361
COL4A1	fibroblast_like	curated	3	3	2.400569	0.9234135667396062
COL4A1	fibroblast_like	curated	3	4	2.0283148	0.7272727272727273
COL4A1	fibroblast_like	curated	3	5	2.3431923	0.8938053097345132
COL3A1	fibroblast_like	curated	4	0	0.7036716	0.31974761255115963
COL3A1	fibroblast_like	curated	4	1	0.42142156	0.17382920110192837
COL3A1	fibroblast_like	curated	4	2	0.6408949	0.23065902578796563
COL3A1	fibroblast_like	curated	4	3	0.8893465	0.3785557986870897
COL3A1	fibroblast_like	curated	4	4	0.64225525	0.23636363636363636
COL3A1	fibroblast_like	curated	4	5	1.1866113	0.49557522123893805
NFKBIA	inflammatory	curated	1	0	1.4703902	0.6562073669849932
NFKBIA	inflammatory	curated	1	1	0.43723395	0.1925619834710744
NFKBIA	inflammatory	curated	1	2	0.93721986	0.3524355300859599
NFKBIA	inflammatory	curated	1	3	0.98978597	0.48358862144420134
NFKBIA	inflammatory	curated	1	4	1.2553267	0.4909090909090909
NFKBIA	inflammatory	curated	1	5	0.56213826	0.2920353982300885
MIF	inflammatory	curated	2	0	0.9456732	0.44355388813096863
MIF	inflammatory	curated	2	1	0.06960326	0.02534435261707989
MIF	inflammatory	curated	2	2	0.67258155	0.24713467048710602
MIF	inflammatory	curated	2	3	0.32059565	0.14660831509846828
MIF	inflammatory	curated	2	4	0.3585309	0.13636363636363635
MIF	inflammatory	curated	2	5	0.16455723	0.061946902654867256
IL6	inflammatory	curated	3	0	0.32981902	0.1502387448840382
IL6	inflammatory	curated	3	1	0.04232453	0.015702479338842976
IL6	inflammatory	curated	3	2	0.15720922	0.05873925501432665
IL6	inflammatory	curated	3	3	0.056417022	0.028446389496717725
IL6	inflammatory	curated	3	4	0.38383353	0.1318181818181818
IL6	inflammatory	curated	3	5	0.08843528	0.035398230088495575
CCL2	inflammatory	curated	4	0	0.23726526	0.11562073669849932
CCL2	inflammatory	curated	4	1	0.08142147	0.03333333333333333
CCL2	inflammatory	curated	4	2	0.19855405	0.07449856733524356
CCL2	inflammatory	curated	4	3	0.10454878	0.0525164113785558
CCL2	inflammatory	curated	4	4	0.43409303	0.1590909090909091
CCL2	inflammatory	curated	4	5	0.10749937	0.05309734513274336
MYL9	synthetic_contractile	curated	1	0	2.5687437	0.970156889495225
MYL9	synthetic_contractile	curated	1	1	1.0470951	0.44104683195592287
MYL9	synthetic_contractile	curated	1	2	2.4029465	0.8223495702005731
MYL9	synthetic_contractile	curated	1	3	2.128992	0.8818380743982495
MYL9	synthetic_contractile	curated	1	4	1.565903	0.5772727272727273
MYL9	synthetic_contractile	curated	1	5	1.6000984	0.6991150442477876
VIM	synthetic_contractile	curated	2	0	2.5068207	0.9507162346521146
VIM	synthetic_contractile	curated	2	1	0.97485465	0.40853994490358125
VIM	synthetic_contractile	curated	2	2	2.2801712	0.7829512893982808
VIM	synthetic_contractile	curated	2	3	2.077056	0.8446389496717724
VIM	synthetic_contractile	curated	2	4	1.7889706	0.6636363636363637
VIM	synthetic_contractile	curated	2	5	1.6944078	0.7256637168141593
MYH11	synthetic_contractile	curated	3	0	0.87614816	0.4068894952251023
MYH11	synthetic_contractile	curated	3	1	1.2521666	0.5079889807162534
MYH11	synthetic_contractile	curated	3	2	0.5213033	0.1969914040114613
MYH11	synthetic_contractile	curated	3	3	1.2857662	0.5820568927789934
MYH11	synthetic_contractile	curated	3	4	0.48771942	0.2
MYH11	synthetic_contractile	curated	3	5	1.4917722	0.6194690265486725
ACTA2	synthetic_contractile	curated	4	0	1.7641081	0.7140177353342428
ACTA2	synthetic_contractile	curated	4	1	0.9569909	0.3950413223140496
ACTA2	synthetic_contractile	curated	4	2	1.285289	0.4505730659025788
ACTA2	synthetic_contractile	curated	4	3	1.6067275	0.6608315098468271
ACTA2	synthetic_contractile	curated	4	4	0.8398551	0.3181818181818182
ACTA2	synthetic_contractile	curated	4	5	1.8273375	0.7433628318584071
NDUFA4L2	vascular_stabilizing	curated	1	0	2.4244475	0.9328103683492497
NDUFA4L2	vascular_stabilizing	curated	1	1	0.58899343	0.24710743801652893
NDUFA4L2	vascular_stabilizing	curated	1	2	2.2093682	0.7564469914040115
NDUFA4L2	vascular_stabilizing	curated	1	3	1.82221	0.7636761487964989
NDUFA4L2	vascular_stabilizing	curated	1	4	1.1318667	0.40454545454545454
NDUFA4L2	vascular_stabilizing	curated	1	5	0.8246491	0.36283185840707965
HIGD1B	vascular_stabilizing	curated	2	0	2.4248464	0.940143246930423
HIGD1B	vascular_stabilizing	curated	2	1	0.8432205	0.3537190082644628
HIGD1B	vascular_stabilizing	curated	2	2	2.1964004	0.7521489971346705
HIGD1B	vascular_stabilizing	curated	2	3	1.9817137	0.8205689277899344
HIGD1B	vascular_stabilizing	curated	2	4	1.1589094	0.42272727272727273
HIGD1B	vascular_stabilizing	curated	2	5	0.9454169	0.40707964601769914
COX4I2	vascular_stabilizing	curated	3	0	2.509132	0.9590723055934516
COX4I2	vascular_stabilizing	curated	3	1	1.0367475	0.42644628099173554
COX4I2	vascular_stabilizing	curated	3	2	2.3799028	0.8101719197707736
COX4I2	vascular_stabilizing	curated	3	3	2.19497	0.8840262582056893
COX4I2	vascular_stabilizing	curated	3	4	1.4868063	0.5363636363636364
COX4I2	vascular_stabilizing	curated	3	5	1.1377448	0.49557522123893805
RGS5	vascular_stabilizing	curated	4	0	1.7300454	0.675818553888131
RGS5	vascular_stabilizing	curated	4	1	0.4714757	0.17988980716253444
RGS5	vascular_stabilizing	curated	4	2	1.6885158	0.5730659025787965
RGS5	vascular_stabilizing	curated	4	3	1.2649024	0.5185995623632386
RGS5	vascular_stabilizing	curated	4	4	0.9534494	0.33636363636363636
RGS5	vascular_stabilizing	curated	4	5	1.2180064	0.49557522123893805
BTF3	0	marker	1	0	1.953551	0.8364597544338336
BTF3	0	marker	1	1	0.31779218	0.14022038567493114
BTF3	0	marker	1	2	1.5647562	0.5716332378223495
BTF3	0	marker	1	3	1.1473235	0.5404814004376368
BTF3	0	marker	1	4	0.85587025	0.3409090909090909
BTF3	0	marker	1	5	0.54847515	0.25663716814159293
GAPDH	0	marker	2	0	2.2795634	0.9106412005457026
GAPDH	0	marker	2	1	0.4548283	0.1928374655647383
GAPDH	0	marker	2	2	2.0359468	0.7098853868194842
GAPDH	0	marker	2	3	1.3711467	0.6148796498905909
GAPDH	0	marker	2	4	1.0027994	0.38636363636363635
GAPDH	0	marker	2	5	0.8551536	0.39823008849557523
UBB	0	marker	3	0	2.1604893	0.8739768076398363
UBB	0	marker	3	1	0.43255195	0.18264462809917356
UBB	0	marker	3	2	1.8053083	0.6382521489971347
UBB	0	marker	3	3	1.0267097	0.45076586433260396
UBB	0	marker	3	4	1.2541547	0.4636363636363636
UBB	0	marker	3	5	0.4356457	0.19469026548672566
CALM2	0	marker	4	0	2.2267184	0.8852319236016372
CALM2	0	marker	4	1	0.3284412	0.11515151515151516
CALM2	0	marker	4	2	1.8771958	0.6511461318051576
CALM2	0	marker	4	3	1.2965856	0.5251641137855579
CALM2	0	marker	4	4	1.0227299	0.36363636363636365
CALM2	0	marker	4	5	0.7688537	0.2831858407079646
PRKG1	1	marker	1	0	0.4473572	0.22646657571623466
PRKG1	1	marker	1	1	2.1271765	0.7303030303030303
PRKG1	1	marker	1	2	0.3522668	0.13252148997134672
PRKG1	1	marker	1	3	1.1901324	0.4923413566739606
PRKG1	1	marker	1	4	0.8840641	0.3409090909090909
PRKG1	1	marker	1	5	1.7572826	0.6371681415929203
SOX5	1	marker	2	0	0.2900812	0.14887448840381992
SOX5	1	marker	2	1	1.9198151	0.6966942148760331
SOX5	1	marker	2	2	0.23170958	0.09025787965616046
SOX5	1	marker	2	3	1.0264206	0.4485776805251641
SOX5	1	marker	2	4	0.63781303	0.2636363636363636
SOX5	1	marker	2	5	1.6036867	0.6371681415929203
PLCB1	1	marker	3	0	0.526635	0.26875852660300137
PLCB1	1	marker	3	1	1.8799763	0.7019283746556474
PLCB1	1	marker	3	2	0.30354592	0.1174785100286533
PLCB1	1	marker	3	3	1.2019917	0.5317286652078774
PLCB1	1	marker	3	4	0.63110566	0.2636363636363636
PLCB1	1	marker	3	5	1.5011579	0.6460176991150443
LPP	1	marker	4	0	0.9436576	0.45105729877216916
LPP	1	marker	4	1	2.1291258	0.7798898071625344
LPP	1	marker	4	2	0.69305825	0.2600286532951289
LPP	1	marker	4	3	1.5712504	0.6673960612691466
LPP	1	marker	4	4	1.3294761	0.5045454545454545
LPP	1	marker	4	5	2.1814806	0.831858407079646
B2M	2	marker	1	0	2.9765642	0.9950545702592087
B2M	2	marker	1	1	1.4330307	0.5586776859504132
B2M	2	marker	1	2	3.1325698	0.9606017191977078
B2M	2	marker	1	3	2.61726	0.9518599562363238
B2M	2	marker	1	4	2.4736137	0.8136363636363636
B2M	2	marker	1	5	1.96806	0.7876106194690266
EEF1A1	2	marker	2	0	2.7667174	0.9882332878581174
EEF1A1	2	marker	2	1	0.96931195	0.3977961432506887
EEF1A1	2	marker	2	2	2.7848735	0.8975644699140402
EEF1A1	2	marker	2	3	2.1910038	0.8840262582056893
EEF1A1	2	marker	2	4	2.1642659	0.7636363636363637
EEF1A1	2	marker	2	5	1.4630148	0.584070796460177
FTH1	2	marker	3	0	2.6854854	0.96231241473397
FTH1	2	marker	3	1	0.9004451	0.36198347107438017
FTH1	2	marker	3	2	2.7058043	0.8696275071633238
FTH1	2	marker	3	3	1.8414521	0.7352297592997812
FTH1	2	marker	3	4	1.9598438	0.6909090909090909
FTH1	2	marker	3	5	1.2196625	0.5309734513274337
TMSB4X	2	marker	4	0	2.833787	0.9822646657571623
TMSB4X	2	marker	4	1	1.0081657	0.3944903581267218
TMSB4X	2	marker	4	2	2.8931472	0.9061604584527221
TMSB4X	2	marker	4	3	2.2725434	0.862144420131291
TMSB4X	2	marker	4	4	2.1083453	0.7136363636363636
TMSB4X	2	marker	4	5	1.6586962	0.6637168141592921
CSPG4	3	marker	1	0	0.6493862	0.3183833560709413
CSPG4	3	marker	1	1	0.9555734	0.4143250688705234
CSPG4	3	marker	1	2	0.3751521	0.14255014326647564
CSPG4	3	marker	1	3	1.3112893	0.6039387308533917
CSPG4	3	marker	1	4	0.5073589	0.2
CSPG4	3	marker	1	5	0.8461241	0.39823008849557523
NID1	3	marker	2	0	1.1957439	0.5535470668485676
NID1	3	marker	2	1	1.6920729	0.6801652892561983
NID1	3	marker	2	2	0.87734145	0.32879656160458454
NID1	3	marker	2	3	1.9032174	0.8096280087527352
NID1	3	marker	2	4	1.2329694	0.4863636363636364
NID1	3	marker	2	5	1.8740008	0.7876106194690266
LAMC3	3	marker	3	0	1.2730031	0.5850954979536153
LAMC3	3	marker	3	1	1.6008898	0.6396694214876033
LAMC3	3	marker	3	2	0.80753386	0.2987106017191977
LAMC3	3	marker	3	3	1.8891677	0.8140043763676149
LAMC3	3	marker	3	4	0.85194266	0.3409090909090909
LAMC3	3	marker	3	5	0.9994441	0.46017699115044247
ITGA1	3	marker	4	0	1.5090615	0.6739427012278308
ITGA1	3	marker	4	1	2.108935	0.7961432506887053
ITGA1	3	marker	4	2	1.076087	0.3954154727793696
ITGA1	3	marker	4	3	2.217634	0.9059080962800875
ITGA1	3	marker	4	4	1.403018	0.5454545454545454
ITGA1	3	marker	4	5	2.169212	0.8495575221238938
NEAT1	4	marker	1	0	1.9452612	0.7965552523874488
NEAT1	4	marker	1	1	2.3466425	0.853168044077135
NEAT1	4	marker	1	2	1.525263	0.5422636103151862
NEAT1	4	marker	1	3	2.058951	0.8205689277899344
NEAT1	4	marker	1	4	2.3924477	0.8272727272727273
NEAT1	4	marker	1	5	2.4259038	0.911504424778761
NAMPT	4	marker	2	0	0.7891057	0.37636425648021826
NAMPT	4	marker	2	1	0.58836	0.26887052341597795
NAMPT	4	marker	2	2	0.50904155	0.19555873925501432
NAMPT	4	marker	2	3	0.52763164	0.2647702407002188
NAMPT	4	marker	2	4	1.3493778	0.5136363636363637
NAMPT	4	marker	2	5	0.7476828	0.36283185840707965
THBS1	4	marker	3	0	0.91186666	0.421043656207367
THBS1	4	marker	3	1	0.67934257	0.2892561983471074
THBS1	4	marker	3	2	0.54311764	0.2020057306590258
THBS1	4	marker	3	3	0.7872086	0.3741794310722101
THBS1	4	marker	3	4	1.3487196	0.4863636363636364
THBS1	4	marker	3	5	1.0399598	0.46017699115044247
FOS	4	marker	4	0	2.1675751	0.8061050477489768
FOS	4	marker	4	1	0.5905315	0.23829201101928374
FOS	4	marker	4	2	1.7182087	0.576647564469914
FOS	4	marker	4	3	0.9700255	0.4179431072210066
FOS	4	marker	4	4	1.9447116	0.6409090909090909
FOS	4	marker	4	5	0.7992493	0.336283185840708
SLIT3	5	marker	1	0	0.4312033	0.22220327421555253
SLIT3	5	marker	1	1	0.7415962	0.31157024793388427
SLIT3	5	marker	1	2	0.25710857	0.09813753581661891
SLIT3	5	marker	1	3	0.6341544	0.31072210065645517
SLIT3	5	marker	1	4	0.57146657	0.2409090909090909
SLIT3	5	marker	1	5	1.732432	0.7256637168141593
DMD	5	marker	2	0	0.26064646	0.13949522510231924
DMD	5	marker	2	1	1.0207658	0.4283746556473829
DMD	5	marker	2	2	0.18259545	0.07234957020057306
DMD	5	marker	2	3	0.65071374	0.32603938730853393
DMD	5	marker	2	4	0.349815	0.15
DMD	5	marker	2	5	1.5457526	0.6548672566371682
ENAH	5	marker	3	0	0.32086134	0.16950886766712142
ENAH	5	marker	3	1	0.8119882	0.3650137741046832
ENAH	5	marker	3	2	0.24435112	0.09527220630372493
ENAH	5	marker	3	3	0.63522065	0.3238512035010941
ENAH	5	marker	3	4	0.47239473	0.2
ENAH	5	marker	3	5	1.2675283	0.5752212389380531
MACF1	5	marker	4	0	0.45358258	0.23533424283765347
MACF1	5	marker	4	1	1.3017341	0.5589531680440771
MACF1	5	marker	4	2	0.31915367	0.12464183381088825
MACF1	5	marker	4	3	1.0176606	0.5010940919037199
MACF1	5	marker	4	4	0.83685976	0.33181818181818185
MACF1	5	marker	4	5	1.517061	0.6814159292035398
