compartment	gene	contrast	estimate	SE	df	t.ratio	p.value	n_donors	covariates	family	is_copd_contrast	p_BH
ATI	COL4A1	Control - COPD	-0.0778283391337595	0.20051407648068	32	-0.388144017117214	0.70047970020445	39	mean_log10_counts+sex+age+ever_smoker	exploratory	TRUE	0.958296913198946
ATI	COL4A1	Control - IPF	-0.0181556275079405	0.21851894330747	32	-0.083084913523467	0.934301589913904	39	mean_log10_counts+sex+age+ever_smoker	exploratory	FALSE	NA
ATI	COL4A2	Control - COPD	0.0870042501103483	0.250023699566869	32	0.347984012159931	0.730130981484912	39	mean_log10_counts+sex+age+ever_smoker	exploratory	TRUE	0.958296913198946
ATI	COL4A2	Control - IPF	0.259576301973438	0.272474210240499	32	0.952663746577422	0.347901505364063	39	mean_log10_counts+sex+age+ever_smoker	exploratory	FALSE	NA
ATI	COL15A1	Control - COPD	-0.0227056996935739	0.0245476303166021	32	-0.924965033313927	0.361907279193503	39	mean_log10_counts+sex+age+ever_smoker	exploratory	TRUE	0.800005564533007
ATI	COL15A1	Control - IPF	-7.55376936273358e-05	0.0267518487062585	32	-0.00282364387062581	0.997764590907141	39	mean_log10_counts+sex+age+ever_smoker	exploratory	FALSE	NA
ATI	COL18A1	Control - COPD	-0.0131204950193918	0.071802999924084	32	-0.182729064708492	0.856163389672691	39	mean_log10_counts+sex+age+ever_smoker	exploratory	TRUE	0.96972550468785
ATI	COL18A1	Control - IPF	0.0782709439161207	0.0782504447822592	32	1.00026196827275	0.324687908034781	39	mean_log10_counts+sex+age+ever_smoker	exploratory	FALSE	NA
ATI	LAMA1	Control - COPD	-0.0437823531622536	0.0744599516108932	32	-0.587998678686335	0.560660329300411	39	mean_log10_counts+sex+age+ever_smoker	exploratory	TRUE	0.89648387922153
ATI	LAMA1	Control - IPF	0.0657292897712186	0.0811459735411914	32	0.810012954467212	0.423915644157568	39	mean_log10_counts+sex+age+ever_smoker	exploratory	FALSE	NA
ATI	LAMA2	Control - COPD	-0.07450916139357	0.0599154564514128	32	-1.24357162252434	0.222690899001986	39	mean_log10_counts+sex+age+ever_smoker	exploratory	TRUE	0.668072697005959
ATI	LAMA2	Control - IPF	-0.028275610517944	0.065295476813115	32	-0.43304087661191	0.667890014356443	39	mean_log10_counts+sex+age+ever_smoker	exploratory	FALSE	NA
ATI	LAMA3	Control - COPD	0.0614191884747929	0.217729166491212	32	0.282089852565857	0.779691062015933	39	mean_log10_counts+sex+age+ever_smoker	exploratory	TRUE	0.96972550468785
ATI	LAMA3	Control - IPF	0.0926957414319784	0.237279837026604	32	0.390660001260812	0.698637317563462	39	mean_log10_counts+sex+age+ever_smoker	exploratory	FALSE	NA
ATI	LAMA5	Control - COPD	0.261068216256988	0.118954745222859	32	2.19468517853476	0.0355592233988813	39	mean_log10_counts+sex+age+ever_smoker	exploratory	TRUE	0.491149322597627
ATI	LAMA5	Control - IPF	0.175950810205335	0.129636111757037	32	1.35726695147338	0.184192776601288	39	mean_log10_counts+sex+age+ever_smoker	exploratory	FALSE	NA
ATI	LAMB2	Control - COPD	-0.0180435403161409	0.130510374870572	32	-0.138253685456308	0.890906274104978	39	mean_log10_counts+sex+age+ever_smoker	exploratory	TRUE	0.986478730418942
ATI	LAMB2	Control - IPF	-0.310516308185453	0.142229362187083	32	-2.18320818859478	0.0364681455692608	39	mean_log10_counts+sex+age+ever_smoker	exploratory	FALSE	NA
ATI	LAMB3	Control - COPD	0.333590012760269	0.178867387156063	32	1.86501305835707	0.0713726082747412	39	mean_log10_counts+sex+age+ever_smoker	exploratory	TRUE	0.554812931332284
ATI	LAMB3	Control - IPF	0.255157998474385	0.194928521326417	32	1.30898237332397	0.19986284056446	39	mean_log10_counts+sex+age+ever_smoker	exploratory	FALSE	NA
ATI	LAMB4	Control - COPD	-0.00614166490218656	0.0230638190811041	32	-0.266290022506218	0.791724237913688	39	mean_log10_counts+sex+age+ever_smoker	exploratory	TRUE	0.96972550468785
ATI	LAMB4	Control - IPF	0.0142535235413947	0.0251348008214432	32	0.567083210352502	0.574614468311827	39	mean_log10_counts+sex+age+ever_smoker	exploratory	FALSE	NA
ATI	LAMC1	Control - COPD	0.00470316397150763	0.206158251282647	32	0.0228133676059344	0.981940811174772	39	mean_log10_counts+sex+age+ever_smoker	exploratory	TRUE	0.98979633766417
ATI	LAMC1	Control - IPF	-0.282853482557197	0.224669928491232	32	-1.25897348370872	0.217146906426141	39	mean_log10_counts+sex+age+ever_smoker	exploratory	FALSE	NA
ATI	LAMC2	Control - COPD	0.0110880956195359	0.265954926420888	32	0.0416916346267955	0.967003575523723	39	mean_log10_counts+sex+age+ever_smoker	exploratory	TRUE	0.98856648306724
ATI	LAMC2	Control - IPF	0.00575776105114434	0.289835958197717	32	0.0198655856469561	0.984273951766248	39	mean_log10_counts+sex+age+ever_smoker	exploratory	FALSE	NA
ATI	LAMC3	Control - COPD	0.0633732813710798	0.0474012481583434	32	1.33695385318509	0.190665128861415	39	mean_log10_counts+sex+age+ever_smoker	exploratory	TRUE	0.628975997111247
ATI	LAMC3	Control - IPF	0.056914699647169	0.0516575735769571	32	1.10176873798341	0.278780414991688	39	mean_log10_counts+sex+age+ever_smoker	exploratory	FALSE	NA
ATI	NID1	Control - COPD	-0.0141028825236438	0.0399506503020678	32	-0.353007583531471	0.726397595001894	39	mean_log10_counts+sex+age+ever_smoker	exploratory	TRUE	0.958296913198946
ATI	NID1	Control - IPF	-0.0023009245888076	0.0435379602354014	32	-0.0528486997637681	0.958181008122417	39	mean_log10_counts+sex+age+ever_smoker	exploratory	FALSE	NA
ATI	NID2	Control - COPD	-0.0445083240779345	0.0287306991997426	32	-1.54915561812479	0.131178824112168	39	mean_log10_counts+sex+age+ever_smoker	exploratory	TRUE	0.628975997111247
ATI	NID2	Control - IPF	-0.0261677425945898	0.0313105301124204	32	-0.835748947738493	0.409493334345142	39	mean_log10_counts+sex+age+ever_smoker	exploratory	FALSE	NA
ATI	HSPG2	Control - COPD	-0.00648130080688226	0.189126196407434	32	-0.0342697147724559	0.972874951589982	39	mean_log10_counts+sex+age+ever_smoker	exploratory	TRUE	0.98856648306724
ATI	HSPG2	Control - IPF	0.183956084963046	0.206108505278409	32	0.892520591105937	0.378776873600912	39	mean_log10_counts+sex+age+ever_smoker	exploratory	FALSE	NA
ATI	AGRN	Control - COPD	-0.146059090187483	0.178202250605	32	-0.819625395816328	0.418492810479565	39	mean_log10_counts+sex+age+ever_smoker	exploratory	TRUE	0.811232217237311
ATI	AGRN	Control - IPF	-0.308515906753101	0.19420365981622	32	-1.58862045671569	0.121979032357012	39	mean_log10_counts+sex+age+ever_smoker	exploratory	FALSE	NA
ATII	COL4A1	Control - COPD	-0.0707248143247935	0.0607274594069534	39	-1.16462659586736	0.25124488437641	46	mean_log10_counts+sex+age+ever_smoker	exploratory	TRUE	0.679456481184199
ATII	COL4A1	Control - IPF	-0.0547460175470161	0.0586995011460887	39	-0.932648770059674	0.356739643064411	46	mean_log10_counts+sex+age+ever_smoker	exploratory	FALSE	NA
ATII	COL4A2	Control - COPD	-0.0886614026337994	0.0658096422230946	39	-1.34724030763208	0.185678775292188	46	mean_log10_counts+sex+age+ever_smoker	exploratory	TRUE	0.628975997111247
ATII	COL4A2	Control - IPF	-0.0577725785205238	0.0636119674167682	39	-0.908202982341573	0.369349169665527	46	mean_log10_counts+sex+age+ever_smoker	exploratory	FALSE	NA
ATII	COL15A1	Control - COPD	-0.0325784212758984	0.023157260084769	39	-1.40683401907836	0.167395973309856	46	mean_log10_counts+sex+age+ever_smoker	exploratory	TRUE	0.628975997111247
ATII	COL15A1	Control - IPF	-0.0596051597789436	0.0223839368246406	39	-2.6628541818135	0.0112007310294203	46	mean_log10_counts+sex+age+ever_smoker	exploratory	FALSE	NA
ATII	COL18A1	Control - COPD	-0.0894656621589389	0.0385842962254426	39	-2.31870659597375	0.025742372150081	46	mean_log10_counts+sex+age+ever_smoker	exploratory	TRUE	0.491149322597627
ATII	COL18A1	Control - IPF	-0.0327214403509864	0.0372957960472007	39	-0.877349294531075	0.385669744511111	46	mean_log10_counts+sex+age+ever_smoker	exploratory	FALSE	NA
ATII	LAMA1	Control - COPD	-0.0289146901965847	0.0610121327949423	39	-0.473917053412393	0.638201571511128	46	mean_log10_counts+sex+age+ever_smoker	exploratory	TRUE	0.924291931154048
ATII	LAMA1	Control - IPF	-0.0736635323894248	0.0589746680315093	39	-1.24907074254437	0.219084536926424	46	mean_log10_counts+sex+age+ever_smoker	exploratory	FALSE	NA
ATII	LAMA2	Control - COPD	-0.00469294347366097	0.0565158285906417	39	-0.0830376832595544	0.934246325569003	46	mean_log10_counts+sex+age+ever_smoker	exploratory	TRUE	0.98856648306724
ATII	LAMA2	Control - IPF	-0.0373597868911832	0.0546285152964701	39	-0.683888015049116	0.498089499094869	46	mean_log10_counts+sex+age+ever_smoker	exploratory	FALSE	NA
ATII	LAMA3	Control - COPD	0.30847038151222	0.153999804706596	39	2.00305696555865	0.0521561409304319	46	mean_log10_counts+sex+age+ever_smoker	exploratory	TRUE	0.547639479769535
ATII	LAMA3	Control - IPF	0.306257515685913	0.148857070609432	39	2.05739313847889	0.0463785526889176	46	mean_log10_counts+sex+age+ever_smoker	exploratory	FALSE	NA
ATII	LAMA5	Control - COPD	0.152727640591661	0.0823479717457496	39	1.85466183749139	0.0712165400412605	46	mean_log10_counts+sex+age+ever_smoker	exploratory	TRUE	0.554812931332284
ATII	LAMA5	Control - IPF	0.124327938635624	0.0795980090238096	39	1.56194784468083	0.12637932511587	46	mean_log10_counts+sex+age+ever_smoker	exploratory	FALSE	NA
ATII	LAMB2	Control - COPD	-0.00525158600103385	0.0699583128916332	39	-0.0750673620327102	0.940544858133728	46	mean_log10_counts+sex+age+ever_smoker	exploratory	TRUE	0.98856648306724
ATII	LAMB2	Control - IPF	-0.0657554667497486	0.0676220956362066	39	-0.972396169197416	0.336846230970177	46	mean_log10_counts+sex+age+ever_smoker	exploratory	FALSE	NA
ATII	LAMB3	Control - COPD	0.324354850304033	0.206206668809216	39	1.57296004138513	0.123806639513741	46	mean_log10_counts+sex+age+ever_smoker	exploratory	TRUE	0.628975997111247
ATII	LAMB3	Control - IPF	0.185166450980819	0.199320516786048	39	0.928988415074087	0.358609577104403	46	mean_log10_counts+sex+age+ever_smoker	exploratory	FALSE	NA
ATII	LAMB4	Control - COPD	0.0064463446030867	0.0105778008476493	39	0.609422005191111	0.545778984833236	46	mean_log10_counts+sex+age+ever_smoker	exploratory	TRUE	0.894694832238846
ATII	LAMB4	Control - IPF	0.0127449810805249	0.0102245613276652	39	1.24650639495311	0.220013747514754	46	mean_log10_counts+sex+age+ever_smoker	exploratory	FALSE	NA
ATII	LAMC1	Control - COPD	-0.199019228880442	0.191727590419788	39	-1.038031242372	0.305648748775707	46	mean_log10_counts+sex+age+ever_smoker	exploratory	TRUE	0.770234846914782
ATII	LAMC1	Control - IPF	-0.0913007902192449	0.185324958815822	39	-0.492652424166896	0.625020499203179	46	mean_log10_counts+sex+age+ever_smoker	exploratory	FALSE	NA
ATII	LAMC2	Control - COPD	0.239380908128753	0.165562102900448	39	1.44586776765388	0.156203143760047	46	mean_log10_counts+sex+age+ever_smoker	exploratory	TRUE	0.628975997111247
ATII	LAMC2	Control - IPF	0.287531119917021	0.160033252565823	39	1.79669609476166	0.0801321336801127	46	mean_log10_counts+sex+age+ever_smoker	exploratory	FALSE	NA
ATII	LAMC3	Control - COPD	-0.00405303261057673	0.0231590336819423	39	-0.175008710045488	0.8619782263892	46	mean_log10_counts+sex+age+ever_smoker	exploratory	TRUE	0.96972550468785
ATII	LAMC3	Control - IPF	0.0042298874943084	0.0223856511935657	39	0.188955302561142	0.851107753583093	46	mean_log10_counts+sex+age+ever_smoker	exploratory	FALSE	NA
ATII	NID1	Control - COPD	-0.0240827827282503	0.0380924600356746	39	-0.632219150606082	0.530932823036615	46	mean_log10_counts+sex+age+ever_smoker	exploratory	TRUE	0.894694832238846
ATII	NID1	Control - IPF	-0.0284794166605818	0.0368203844415298	39	-0.773468748155159	0.443908223225586	46	mean_log10_counts+sex+age+ever_smoker	exploratory	FALSE	NA
ATII	NID2	Control - COPD	0.00184791204612473	0.0274632640254466	39	0.067286686841466	0.946697255204612	46	mean_log10_counts+sex+age+ever_smoker	exploratory	TRUE	0.98856648306724
ATII	NID2	Control - IPF	0.0287862317390372	0.0265461442629108	39	1.08438466445224	0.284852510644877	46	mean_log10_counts+sex+age+ever_smoker	exploratory	FALSE	NA
ATII	HSPG2	Control - COPD	0.0503316219390743	0.143210233086144	39	0.351452691993028	0.727140501414889	46	mean_log10_counts+sex+age+ever_smoker	exploratory	TRUE	0.958296913198946
ATII	HSPG2	Control - IPF	-0.0166490860376427	0.13842781047101	39	-0.120272696512305	0.904884617373117	46	mean_log10_counts+sex+age+ever_smoker	exploratory	FALSE	NA
ATII	AGRN	Control - COPD	-0.0248706074556592	0.068186714078205	39	-0.364742718458827	0.717273920938976	46	mean_log10_counts+sex+age+ever_smoker	exploratory	TRUE	0.958296913198946
ATII	AGRN	Control - IPF	-0.0703976404586789	0.0659096583369223	39	-1.06809293561825	0.292045551539997	46	mean_log10_counts+sex+age+ever_smoker	exploratory	FALSE	NA
Endothelial	COL4A1	Control - COPD	-0.0577471035091128	0.178832926228752	66	-0.322910913146086	0.747783521117538	73	mean_log10_counts+sex+age+ever_smoker	exploratory	TRUE	0.96972550468785
Endothelial	COL4A1	Control - IPF	-0.102207220201764	0.170636487589308	66	-0.598976348175651	0.551239121061402	73	mean_log10_counts+sex+age+ever_smoker	exploratory	FALSE	NA
Endothelial	COL4A2	Control - COPD	-0.224976533903416	0.175621843994456	66	-1.28102819550464	0.204666792710802	73	mean_log10_counts+sex+age+ever_smoker	exploratory	TRUE	0.628975997111247
Endothelial	COL4A2	Control - IPF	-0.202508489109954	0.167572578691907	66	-1.20848226297382	0.231173850494691	73	mean_log10_counts+sex+age+ever_smoker	exploratory	FALSE	NA
Endothelial	COL15A1	Control - COPD	-0.183179694477905	0.142694022961749	66	-1.28372366743776	0.203727359436964	73	mean_log10_counts+sex+age+ever_smoker	exploratory	TRUE	0.628975997111247
Endothelial	COL15A1	Control - IPF	-0.69875074690393	0.136153936479435	66	-5.13206422797382	2.72599542276177e-06	73	mean_log10_counts+sex+age+ever_smoker	exploratory	FALSE	NA
Endothelial	COL18A1	Control - COPD	-0.0712684766911453	0.08423210251793	66	-0.846096376093364	0.400556249267931	73	mean_log10_counts+sex+age+ever_smoker	exploratory	TRUE	0.801626225222177
Endothelial	COL18A1	Control - IPF	-0.156476854059648	0.0803714976823506	66	-1.94691972368221	0.0558019252112273	73	mean_log10_counts+sex+age+ever_smoker	exploratory	FALSE	NA
Endothelial	LAMA1	Control - COPD	-0.0149582622605082	0.022751932727157	66	-0.657450179722703	0.513177889201551	73	mean_log10_counts+sex+age+ever_smoker	exploratory	TRUE	0.894694832238846
Endothelial	LAMA1	Control - IPF	0.0121723916754729	0.0217091447772	66	0.560703417863651	0.576898333568145	73	mean_log10_counts+sex+age+ever_smoker	exploratory	FALSE	NA
Endothelial	LAMA2	Control - COPD	-0.114607508113504	0.0612280458443768	66	-1.87181391359119	0.0656645233528503	73	mean_log10_counts+sex+age+ever_smoker	exploratory	TRUE	0.554812931332284
Endothelial	LAMA2	Control - IPF	-0.0435828322252875	0.058421784540267	66	-0.746003097444724	0.458314437101095	73	mean_log10_counts+sex+age+ever_smoker	exploratory	FALSE	NA
Endothelial	LAMA3	Control - COPD	-0.0422128702100127	0.0499186864457007	66	-0.845632632099203	0.400813112611088	73	mean_log10_counts+sex+age+ever_smoker	exploratory	TRUE	0.801626225222177
Endothelial	LAMA3	Control - IPF	-0.197327395070642	0.047630766323595	66	-4.14285576952582	9.96647048172104e-05	73	mean_log10_counts+sex+age+ever_smoker	exploratory	FALSE	NA
Endothelial	LAMA5	Control - COPD	0.176619128281876	0.0850909816777162	66	2.07565037797806	0.0418265261734674	73	mean_log10_counts+sex+age+ever_smoker	exploratory	TRUE	0.491149322597627
Endothelial	LAMA5	Control - IPF	-0.00412198141188794	0.081191011885804	66	-0.0507689375479832	0.95966298204703	73	mean_log10_counts+sex+age+ever_smoker	exploratory	FALSE	NA
Endothelial	LAMB2	Control - COPD	0.145756726397588	0.0639782527876681	66	2.27822299057349	0.0259574176218571	73	mean_log10_counts+sex+age+ever_smoker	exploratory	TRUE	0.491149322597627
Endothelial	LAMB2	Control - IPF	0.200565919516541	0.0610459414158677	66	3.28549146535739	0.00163223188124714	73	mean_log10_counts+sex+age+ever_smoker	exploratory	FALSE	NA
Endothelial	LAMB3	Control - COPD	-0.0150578898835517	0.00717452906384012	66	-2.09879836705158	0.0396644666393405	73	mean_log10_counts+sex+age+ever_smoker	exploratory	TRUE	0.491149322597627
Endothelial	LAMB3	Control - IPF	-0.0155202697571326	0.00684569930928224	66	-2.26715621822423	0.0266622663477346	73	mean_log10_counts+sex+age+ever_smoker	exploratory	FALSE	NA
Endothelial	LAMB4	Control - COPD	-0.014511877872684	0.0163421393256639	66	-0.888003558377107	0.377763658209204	73	mean_log10_counts+sex+age+ever_smoker	exploratory	TRUE	0.801626225222177
Endothelial	LAMB4	Control - IPF	-0.027725706036636	0.0155931310471286	66	-1.77807176460186	0.0799982684466705	73	mean_log10_counts+sex+age+ever_smoker	exploratory	FALSE	NA
Endothelial	LAMC1	Control - COPD	0.0570087950290497	0.116686151680133	66	0.488565217107558	0.626769002105914	73	mean_log10_counts+sex+age+ever_smoker	exploratory	TRUE	0.924291931154048
Endothelial	LAMC1	Control - IPF	0.0821926703453692	0.111338082381666	66	0.738226028212102	0.462994071564758	73	mean_log10_counts+sex+age+ever_smoker	exploratory	FALSE	NA
Endothelial	LAMC2	Control - COPD	0.00609821137121936	0.0271148064207153	66	0.224903371117575	0.822749325333675	73	mean_log10_counts+sex+age+ever_smoker	exploratory	TRUE	0.96972550468785
Endothelial	LAMC2	Control - IPF	0.0116622336413097	0.025872055145911	66	0.450765645617949	0.653635902657528	73	mean_log10_counts+sex+age+ever_smoker	exploratory	FALSE	NA
Endothelial	LAMC3	Control - COPD	0.0236442976277041	0.0210987135011243	66	1.12065115375135	0.26649762104765	73	mean_log10_counts+sex+age+ever_smoker	exploratory	TRUE	0.699556255250081
Endothelial	LAMC3	Control - IPF	0.0217043599146026	0.0201316974474813	66	1.07811872154467	0.284905439546497	73	mean_log10_counts+sex+age+ever_smoker	exploratory	FALSE	NA
Endothelial	NID1	Control - COPD	-0.0967637805996196	0.102175904031787	66	-0.947031313464242	0.347077395857695	73	mean_log10_counts+sex+age+ever_smoker	exploratory	TRUE	0.780924140679815
Endothelial	NID1	Control - IPF	0.124351616736341	0.0974928820319403	66	1.27549431450391	0.206605568116687	73	mean_log10_counts+sex+age+ever_smoker	exploratory	FALSE	NA
Endothelial	NID2	Control - COPD	0.0118753391156215	0.0189421692933059	66	0.62692603638688	0.532870445328469	73	mean_log10_counts+sex+age+ever_smoker	exploratory	TRUE	0.894694832238846
Endothelial	NID2	Control - IPF	0.0244871532692522	0.0180739939992779	66	1.35482800703766	0.180091902154345	73	mean_log10_counts+sex+age+ever_smoker	exploratory	FALSE	NA
Endothelial	HSPG2	Control - COPD	0.024413149115031	0.129766210475838	66	0.188131787354434	0.851350586274496	73	mean_log10_counts+sex+age+ever_smoker	exploratory	TRUE	0.96972550468785
Endothelial	HSPG2	Control - IPF	-0.579233054199611	0.123818643637515	66	-4.67807623458825	1.4816362938053e-05	73	mean_log10_counts+sex+age+ever_smoker	exploratory	FALSE	NA
Endothelial	AGRN	Control - COPD	-0.030483853208273	0.0496915618280507	66	-0.613461362187754	0.541679838109069	73	mean_log10_counts+sex+age+ever_smoker	exploratory	TRUE	0.894694832238846
Endothelial	AGRN	Control - IPF	-0.0390446286607061	0.0474140514947425	66	-0.823482225834162	0.413199571425356	73	mean_log10_counts+sex+age+ever_smoker	exploratory	FALSE	NA
Fibroblast	COL4A1	Control - COPD	-0.267536194097205	0.151889996776582	53	-1.76138126127378	0.0839417205132477	60	mean_log10_counts+sex+age+ever_smoker	exploratory	TRUE	0.563946782731568
Fibroblast	COL4A1	Control - IPF	-0.415835579338722	0.12731897640003	53	-3.26609269958459	0.00191498190276166	60	mean_log10_counts+sex+age+ever_smoker	exploratory	FALSE	NA
Fibroblast	COL4A2	Control - COPD	-0.317619835501235	0.150097884592031	53	-2.11608468943137	0.0390522983640907	60	mean_log10_counts+sex+age+ever_smoker	exploratory	TRUE	0.491149322597627
Fibroblast	COL4A2	Control - IPF	-0.359784309501831	0.125816771555912	53	-2.85958942557946	0.00605425500320792	60	mean_log10_counts+sex+age+ever_smoker	exploratory	FALSE	NA
Fibroblast	COL15A1	Control - COPD	-0.132150667494743	0.091507841909903	53	-1.44414582112925	0.154583816291759	60	mean_log10_counts+sex+age+ever_smoker	exploratory	TRUE	0.628975997111247
Fibroblast	COL15A1	Control - IPF	-0.188491061736089	0.0767047535176519	53	-2.45735828735454	0.0173020111518319	60	mean_log10_counts+sex+age+ever_smoker	exploratory	FALSE	NA
Fibroblast	COL18A1	Control - COPD	-0.0731891416520287	0.0961780278965315	53	-0.760975695309179	0.450044153687569	60	mean_log10_counts+sex+age+ever_smoker	exploratory	TRUE	0.846351692009458
Fibroblast	COL18A1	Control - IPF	-0.261247196284738	0.0806194504169475	53	-3.24049835286175	0.00206398272868903	60	mean_log10_counts+sex+age+ever_smoker	exploratory	FALSE	NA
Fibroblast	LAMA1	Control - COPD	-0.0586597454536739	0.0391315525600339	53	-1.49903956311676	0.139796658054627	60	mean_log10_counts+sex+age+ever_smoker	exploratory	TRUE	0.628975997111247
Fibroblast	LAMA1	Control - IPF	-0.0693036578504892	0.0328012991152796	53	-2.11283271454959	0.0393422894656218	60	mean_log10_counts+sex+age+ever_smoker	exploratory	FALSE	NA
Fibroblast	LAMA2	Control - COPD	0.360033080152697	0.214282361010826	53	1.68018066654823	0.0988078999430483	60	mean_log10_counts+sex+age+ever_smoker	exploratory	TRUE	0.59284739965829
Fibroblast	LAMA2	Control - IPF	0.235929022067658	0.179618220050463	53	1.31350272818301	0.194671518843987	60	mean_log10_counts+sex+age+ever_smoker	exploratory	FALSE	NA
Fibroblast	LAMA3	Control - COPD	-0.0395557138341172	0.0627885295178649	53	-0.629983121723891	0.531412385863557	60	mean_log10_counts+sex+age+ever_smoker	exploratory	TRUE	0.894694832238846
Fibroblast	LAMA3	Control - IPF	-0.0595620503951057	0.0526313218614156	53	-1.13168448537051	0.26286163858564	60	mean_log10_counts+sex+age+ever_smoker	exploratory	FALSE	NA
Fibroblast	LAMA5	Control - COPD	0.00819093074680133	0.0151520025216144	53	0.540584040632051	0.59105903167531	60	mean_log10_counts+sex+age+ever_smoker	exploratory	TRUE	0.908212658427915
Fibroblast	LAMA5	Control - IPF	-0.000913670841105758	0.0127008854592329	53	-0.0719375703401502	0.942922375834769	60	mean_log10_counts+sex+age+ever_smoker	exploratory	FALSE	NA
Fibroblast	LAMB2	Control - COPD	0.0221390186599005	0.123586347378318	53	0.179138061198049	0.858512372601058	60	mean_log10_counts+sex+age+ever_smoker	exploratory	TRUE	0.96972550468785
Fibroblast	LAMB2	Control - IPF	-0.187008013178549	0.103593966549165	53	-1.80520178354013	0.0767247252116895	60	mean_log10_counts+sex+age+ever_smoker	exploratory	FALSE	NA
Fibroblast	LAMB3	Control - COPD	-0.0157585240374777	0.0163142033462137	53	-0.965938924693803	0.338461826241607	60	mean_log10_counts+sex+age+ever_smoker	exploratory	TRUE	0.780924140679815
Fibroblast	LAMB3	Control - IPF	-0.00159616577229933	0.0136750787734701	53	-0.116720773513635	0.907522503858407	60	mean_log10_counts+sex+age+ever_smoker	exploratory	FALSE	NA
Fibroblast	LAMB4	Control - COPD	0.0185081253985841	0.0107922145743279	53	1.71495157653839	0.0921962452840386	60	mean_log10_counts+sex+age+ever_smoker	exploratory	TRUE	0.580836345289444
Fibroblast	LAMB4	Control - IPF	0.0145422030376609	0.00904637396703641	53	1.60751734237944	0.113882735317947	60	mean_log10_counts+sex+age+ever_smoker	exploratory	FALSE	NA
Fibroblast	LAMC1	Control - COPD	0.298155411903444	0.143704834053629	53	2.07477649493806	0.0428781154648722	60	mean_log10_counts+sex+age+ever_smoker	exploratory	TRUE	0.491149322597627
Fibroblast	LAMC1	Control - IPF	-0.0340518463488552	0.120457915358025	53	-0.282686664862548	0.778518154588512	60	mean_log10_counts+sex+age+ever_smoker	exploratory	FALSE	NA
Fibroblast	LAMC2	Control - COPD	-0.0245902355598294	0.0508868104396949	53	-0.483233972562909	0.63091996271108	60	mean_log10_counts+sex+age+ever_smoker	exploratory	TRUE	0.924291931154048
Fibroblast	LAMC2	Control - IPF	0.0260386989296465	0.0426549262949437	53	0.610449980609464	0.544172693735864	60	mean_log10_counts+sex+age+ever_smoker	exploratory	FALSE	NA
Fibroblast	LAMC3	Control - COPD	0.0247049036379749	0.0257248230708428	53	0.960352713406066	0.341238642163541	60	mean_log10_counts+sex+age+ever_smoker	exploratory	TRUE	0.780924140679815
Fibroblast	LAMC3	Control - IPF	0.0231276919735528	0.0215633564484779	53	1.07254601243608	0.288334324547307	60	mean_log10_counts+sex+age+ever_smoker	exploratory	FALSE	NA
Fibroblast	NID1	Control - COPD	0.391908846094525	0.16347176199065	53	2.39741005615968	0.0200678830367275	60	mean_log10_counts+sex+age+ever_smoker	exploratory	TRUE	0.491149322597627
Fibroblast	NID1	Control - IPF	0.203392600745306	0.137027176566297	53	1.48432307985927	0.143646654844029	60	mean_log10_counts+sex+age+ever_smoker	exploratory	FALSE	NA
Fibroblast	NID2	Control - COPD	1.92963700990331e-05	0.0330054346443735	53	0.00058464220535034	0.999535718089592	60	mean_log10_counts+sex+age+ever_smoker	exploratory	TRUE	0.999535718089592
Fibroblast	NID2	Control - IPF	0.0307571582903321	0.0276661942441204	53	1.1117234997679	0.271274710906194	60	mean_log10_counts+sex+age+ever_smoker	exploratory	FALSE	NA
Fibroblast	HSPG2	Control - COPD	0.0271455976330712	0.137465621163226	53	0.197471901726167	0.844213668347771	60	mean_log10_counts+sex+age+ever_smoker	exploratory	TRUE	0.96972550468785
Fibroblast	HSPG2	Control - IPF	0.0518255705156274	0.115228010719102	53	0.449765384234269	0.65471377941121	60	mean_log10_counts+sex+age+ever_smoker	exploratory	FALSE	NA
Fibroblast	AGRN	Control - COPD	0.0118466362542192	0.0214325639531177	53	0.552740039881973	0.582765307222565	60	mean_log10_counts+sex+age+ever_smoker	exploratory	TRUE	0.906523811235101
Fibroblast	AGRN	Control - IPF	-0.01953864680933	0.0179654497468516	53	-1.08756791979305	0.281707123815655	60	mean_log10_counts+sex+age+ever_smoker	exploratory	FALSE	NA
Mural	COL4A1	Control - COPD	-0.486058359064421	0.33785889603319	29	-1.4386430689594	0.160957672893469	36	mean_log10_counts+sex+age+ever_smoker	exploratory	TRUE	0.628975997111247
Mural	COL4A1	Control - IPF	-0.571395122776707	0.274725367347276	29	-2.0798775456888	0.0464826052705634	36	mean_log10_counts+sex+age+ever_smoker	exploratory	FALSE	NA
Mural	COL4A2	Control - COPD	-0.253672655531215	0.183515272376583	29	-1.38229724559745	0.177434903057858	36	mean_log10_counts+sex+age+ever_smoker	exploratory	TRUE	0.628975997111247
Mural	COL4A2	Control - IPF	-0.453004232656203	0.14922294842442	29	-3.03575446966621	0.00502881393362633	36	mean_log10_counts+sex+age+ever_smoker	exploratory	FALSE	NA
Mural	COL15A1	Control - COPD	0.566843168211106	0.247429199663024	29	2.29093077528074	0.0294236270415186	36	mean_log10_counts+sex+age+ever_smoker	exploratory	TRUE	0.491149322597627
Mural	COL15A1	Control - IPF	0.301505061138203	0.201193689341805	29	1.49858110423126	0.144789973888844	36	mean_log10_counts+sex+age+ever_smoker	exploratory	FALSE	NA
Mural	COL18A1	Control - COPD	-0.353832053580227	0.245769977156444	29	-1.43968786453927	0.160664023990418	36	mean_log10_counts+sex+age+ever_smoker	exploratory	TRUE	0.628975997111247
Mural	COL18A1	Control - IPF	-0.685389016374707	0.199844515121493	29	-3.42961134539035	0.00183325203215024	36	mean_log10_counts+sex+age+ever_smoker	exploratory	FALSE	NA
Mural	LAMA1	Control - COPD	0.013327472479562	0.0227239496179628	29	0.586494544461889	0.562081162369054	36	mean_log10_counts+sex+age+ever_smoker	exploratory	TRUE	0.89648387922153
Mural	LAMA1	Control - IPF	-0.00971085250760104	0.0184776706479339	29	-0.525545275301618	0.60319988477202	36	mean_log10_counts+sex+age+ever_smoker	exploratory	FALSE	NA
Mural	LAMA2	Control - COPD	0.0184153161746523	0.268357220784863	29	0.0686223986103045	0.945761170884999	36	mean_log10_counts+sex+age+ever_smoker	exploratory	TRUE	0.98856648306724
Mural	LAMA2	Control - IPF	-0.350524711188099	0.218211025152859	29	-1.60635655756877	0.119031121386678	36	mean_log10_counts+sex+age+ever_smoker	exploratory	FALSE	NA
Mural	LAMA3	Control - COPD	-0.0163652583216581	0.256592382891884	29	-0.0637792055134919	0.949583638660819	36	mean_log10_counts+sex+age+ever_smoker	exploratory	TRUE	0.98856648306724
Mural	LAMA3	Control - IPF	-0.537397813857322	0.208644607189982	29	-2.57566117377763	0.0153676796068393	36	mean_log10_counts+sex+age+ever_smoker	exploratory	FALSE	NA
Mural	LAMA5	Control - COPD	0.175935037166852	0.133016566102032	29	1.32265508216397	0.196286338484493	36	mean_log10_counts+sex+age+ever_smoker	exploratory	TRUE	0.628975997111247
Mural	LAMA5	Control - IPF	0.0507527465517582	0.108160612062333	29	0.469235016186014	0.64241045540263	36	mean_log10_counts+sex+age+ever_smoker	exploratory	FALSE	NA
Mural	LAMB2	Control - COPD	0.0341854773500535	0.150436845483755	29	0.227241386510893	0.821830448292937	36	mean_log10_counts+sex+age+ever_smoker	exploratory	TRUE	0.96972550468785
Mural	LAMB2	Control - IPF	-0.193260849091032	0.12232567537316	29	-1.57988785675192	0.12497949605547	36	mean_log10_counts+sex+age+ever_smoker	exploratory	FALSE	NA
Mural	LAMB3	Control - COPD	0.017123730140442	0.0194089535590994	29	0.882259318530543	0.384891365087989	36	mean_log10_counts+sex+age+ever_smoker	exploratory	TRUE	0.801626225222177
Mural	LAMB3	Control - IPF	-0.00736630942107252	0.0157821266775998	29	-0.466750113692081	0.644166324324252	36	mean_log10_counts+sex+age+ever_smoker	exploratory	FALSE	NA
Mural	LAMB4	Control - COPD	-0.0100882010478399	0.0409399874861048	29	-0.246414365692317	0.807097386771937	36	mean_log10_counts+sex+age+ever_smoker	exploratory	TRUE	0.96972550468785
Mural	LAMB4	Control - IPF	-0.00539400415150485	0.0332897941518407	29	-0.162031766459769	0.872404528793656	36	mean_log10_counts+sex+age+ever_smoker	exploratory	FALSE	NA
Mural	LAMC1	Control - COPD	0.100430369397421	0.192303018129812	29	0.522250614546393	0.605462663085649	36	mean_log10_counts+sex+age+ever_smoker	exploratory	TRUE	0.919136090949299
Mural	LAMC1	Control - IPF	-0.332661192044028	0.156368584394216	29	-2.12741704692655	0.0420136673462816	36	mean_log10_counts+sex+age+ever_smoker	exploratory	FALSE	NA
Mural	LAMC2	Control - COPD	-0.0309529190366524	0.0411386197809832	29	-0.752405384561802	0.457871479983846	36	mean_log10_counts+sex+age+ever_smoker	exploratory	TRUE	0.848054318149806
Mural	LAMC2	Control - IPF	-0.0372296410759165	0.0334513093015621	29	-1.11295019098634	0.274870431252821	36	mean_log10_counts+sex+age+ever_smoker	exploratory	FALSE	NA
Mural	LAMC3	Control - COPD	-0.49217372202112	0.276019806601143	29	-1.78311016184547	0.085039594221427	36	mean_log10_counts+sex+age+ever_smoker	exploratory	TRUE	0.563946782731568
Mural	LAMC3	Control - IPF	0.246037646455635	0.22444175261904	29	1.09622048297427	0.282002513380648	36	mean_log10_counts+sex+age+ever_smoker	exploratory	FALSE	NA
Mural	NID1	Control - COPD	-0.405632098940563	0.262357014229822	29	-1.54610731537459	0.132922981201512	36	mean_log10_counts+sex+age+ever_smoker	exploratory	TRUE	0.628975997111247
Mural	NID1	Control - IPF	-0.202084687504205	0.213332038779118	29	-0.947277720968307	0.35132446078901	36	mean_log10_counts+sex+age+ever_smoker	exploratory	FALSE	NA
Mural	NID2	Control - COPD	-0.00333720917048529	0.0687064008738128	29	-0.0485720271771252	0.961593344431385	36	mean_log10_counts+sex+age+ever_smoker	exploratory	TRUE	0.98856648306724
Mural	NID2	Control - IPF	0.00264680149496984	0.0558676756503496	29	0.0473762594229795	0.962538115779971	36	mean_log10_counts+sex+age+ever_smoker	exploratory	FALSE	NA
Mural	HSPG2	Control - COPD	0.0810723372235493	0.215598875837793	29	0.376033209396438	0.709629156089383	36	mean_log10_counts+sex+age+ever_smoker	exploratory	TRUE	0.958296913198946
Mural	HSPG2	Control - IPF	-0.0350008272932135	0.175311294329153	29	-0.199649585767692	0.843147998839492	36	mean_log10_counts+sex+age+ever_smoker	exploratory	FALSE	NA
Mural	AGRN	Control - COPD	0.011995183398683	0.0880077678474584	29	0.136296871197483	0.892528375140947	36	mean_log10_counts+sex+age+ever_smoker	exploratory	TRUE	0.986478730418942
Mural	AGRN	Control - IPF	-0.158300132843035	0.0715623197588725	29	-2.21205982948042	0.0349957614840437	36	mean_log10_counts+sex+age+ever_smoker	exploratory	FALSE	NA
Myofibroblast	COL4A1	Control - COPD	-0.22137185138232	0.22304710600424	47	-0.992489233992179	0.326041291171725	54	mean_log10_counts+sex+age+ever_smoker	exploratory	TRUE	0.780924140679815
Myofibroblast	COL4A1	Control - IPF	-0.257181574695888	0.201683174058333	47	-1.27517615634859	0.208514383987348	54	mean_log10_counts+sex+age+ever_smoker	exploratory	FALSE	NA
Myofibroblast	COL4A2	Control - COPD	-0.139117677624382	0.174679205806549	47	-0.796418079542045	0.429793687273581	54	mean_log10_counts+sex+age+ever_smoker	exploratory	TRUE	0.820515221158654
Myofibroblast	COL4A2	Control - IPF	-0.108705515368143	0.157948055458671	47	-0.688235857367593	0.494687336584698	54	mean_log10_counts+sex+age+ever_smoker	exploratory	FALSE	NA
Myofibroblast	COL15A1	Control - COPD	-0.157910545657667	0.107379879719812	47	-1.47057852988573	0.148068686149847	54	mean_log10_counts+sex+age+ever_smoker	exploratory	TRUE	0.628975997111247
Myofibroblast	COL15A1	Control - IPF	-0.54806321904794	0.0970948036935389	47	-5.64461946674094	9.24862142079528e-07	54	mean_log10_counts+sex+age+ever_smoker	exploratory	FALSE	NA
Myofibroblast	COL18A1	Control - COPD	-0.365290805333219	0.132564763552832	47	-2.75556486914894	0.00831099603518488	54	mean_log10_counts+sex+age+ever_smoker	exploratory	TRUE	0.491149322597627
Myofibroblast	COL18A1	Control - IPF	-0.391715199052436	0.119867425139869	47	-3.26790367437491	0.00202899267202559	54	mean_log10_counts+sex+age+ever_smoker	exploratory	FALSE	NA
Myofibroblast	LAMA1	Control - COPD	0.0273950904897555	0.0611075074372758	47	0.448309735393403	0.655989638058494	54	mean_log10_counts+sex+age+ever_smoker	exploratory	TRUE	0.93925789085648
Myofibroblast	LAMA1	Control - IPF	-0.016930835653096	0.0552544988344691	47	-0.306415513853764	0.760641636752512	54	mean_log10_counts+sex+age+ever_smoker	exploratory	FALSE	NA
Myofibroblast	LAMA2	Control - COPD	-0.0512989432904272	0.232288021980749	47	-0.220841965302363	0.826172077199218	54	mean_log10_counts+sex+age+ever_smoker	exploratory	TRUE	0.96972550468785
Myofibroblast	LAMA2	Control - IPF	-0.649669419933425	0.21003897521055	47	-3.09308983859865	0.00332942885491084	54	mean_log10_counts+sex+age+ever_smoker	exploratory	FALSE	NA
Myofibroblast	LAMA3	Control - COPD	-0.0249983156496131	0.105273050952805	47	-0.237461681060427	0.813330738323966	54	mean_log10_counts+sex+age+ever_smoker	exploratory	TRUE	0.96972550468785
Myofibroblast	LAMA3	Control - IPF	-0.0325801816597585	0.0951897715210112	47	-0.342265572646816	0.733676922005574	54	mean_log10_counts+sex+age+ever_smoker	exploratory	FALSE	NA
Myofibroblast	LAMA5	Control - COPD	0.00353587400242282	0.054328297185687	47	0.0650834682032766	0.948383587059883	54	mean_log10_counts+sex+age+ever_smoker	exploratory	TRUE	0.98856648306724
Myofibroblast	LAMA5	Control - IPF	0.0253160165531387	0.0491246159337547	47	0.515342788374727	0.608729082689055	54	mean_log10_counts+sex+age+ever_smoker	exploratory	FALSE	NA
Myofibroblast	LAMB2	Control - COPD	0.124649880075893	0.114804311091108	47	1.08575957550036	0.283123005676604	54	mean_log10_counts+sex+age+ever_smoker	exploratory	TRUE	0.728030586025553
Myofibroblast	LAMB2	Control - IPF	0.00391263923502591	0.103808107046208	47	0.037691075835573	0.970093630958995	54	mean_log10_counts+sex+age+ever_smoker	exploratory	FALSE	NA
Myofibroblast	LAMB3	Control - COPD	-0.0202045045671679	0.022477042469087	47	-0.898895154687517	0.373290798784179	54	mean_log10_counts+sex+age+ever_smoker	exploratory	TRUE	0.801626225222177
Myofibroblast	LAMB3	Control - IPF	0.0032539368185572	0.020324142957153	47	0.160102043437556	0.873486807108251	54	mean_log10_counts+sex+age+ever_smoker	exploratory	FALSE	NA
Myofibroblast	LAMB4	Control - COPD	0.024703357996725	0.020783630545064	47	1.18859685958919	0.240569469483397	54	mean_log10_counts+sex+age+ever_smoker	exploratory	TRUE	0.676510984316096
Myofibroblast	LAMB4	Control - IPF	0.0311683989140207	0.0187929296724636	47	1.65851729651765	0.103873156748913	54	mean_log10_counts+sex+age+ever_smoker	exploratory	FALSE	NA
Myofibroblast	LAMC1	Control - COPD	0.152940680302288	0.12896270414775	47	1.18592953918729	0.241611065827177	54	mean_log10_counts+sex+age+ever_smoker	exploratory	TRUE	0.676510984316096
Myofibroblast	LAMC1	Control - IPF	0.260755795414286	0.116610378738425	47	2.2361285353442	0.0301291337286413	54	mean_log10_counts+sex+age+ever_smoker	exploratory	FALSE	NA
Myofibroblast	LAMC2	Control - COPD	-0.0224818896638791	0.0304788513337731	47	-0.737622603216915	0.464410698034418	54	mean_log10_counts+sex+age+ever_smoker	exploratory	TRUE	0.848054318149806
Myofibroblast	LAMC2	Control - IPF	0.0308213052105436	0.0275595213440276	47	1.11835415520462	0.269099430644427	54	mean_log10_counts+sex+age+ever_smoker	exploratory	FALSE	NA
Myofibroblast	LAMC3	Control - COPD	0.113015289866581	0.0856010377605181	47	1.32025607192706	0.193143323475266	54	mean_log10_counts+sex+age+ever_smoker	exploratory	TRUE	0.628975997111247
Myofibroblast	LAMC3	Control - IPF	0.108341246048035	0.0774019860984	47	1.39972178375763	0.168162836778433	54	mean_log10_counts+sex+age+ever_smoker	exploratory	FALSE	NA
Myofibroblast	NID1	Control - COPD	0.300562887959533	0.164983191229707	47	1.82177884740427	0.0748557129575304	54	mean_log10_counts+sex+age+ever_smoker	exploratory	TRUE	0.554812931332284
Myofibroblast	NID1	Control - IPF	0.427040093035503	0.14918074602971	47	2.86256842387996	0.00625748510862729	54	mean_log10_counts+sex+age+ever_smoker	exploratory	FALSE	NA
Myofibroblast	NID2	Control - COPD	0.123847229443587	0.0465519337550955	47	2.66040998629903	0.0106427098413823	54	mean_log10_counts+sex+age+ever_smoker	exploratory	TRUE	0.491149322597627
Myofibroblast	NID2	Control - IPF	0.133984820454962	0.0420930893320017	47	3.1830597986805	0.00258478641466615	54	mean_log10_counts+sex+age+ever_smoker	exploratory	FALSE	NA
Myofibroblast	HSPG2	Control - COPD	0.2255451373859	0.139761480271762	47	1.61378612295272	0.113268685827316	54	mean_log10_counts+sex+age+ever_smoker	exploratory	TRUE	0.628975997111247
Myofibroblast	HSPG2	Control - IPF	0.101542599516502	0.126374824839755	47	0.803503384833643	0.425728985427189	54	mean_log10_counts+sex+age+ever_smoker	exploratory	FALSE	NA
Myofibroblast	AGRN	Control - COPD	-0.0188296335864845	0.0310197040722066	47	-0.607021702807141	0.54675795303485	54	mean_log10_counts+sex+age+ever_smoker	exploratory	TRUE	0.894694832238846
Myofibroblast	AGRN	Control - IPF	-0.0730341651425241	0.0280485700429304	47	-2.60384629343814	0.0122993696147292	54	mean_log10_counts+sex+age+ever_smoker	exploratory	FALSE	NA
SMC	COL4A1	Control - COPD	-0.362612117516964	0.298421381412774	21	-1.21510099511068	0.237813158596345	28	mean_log10_counts+sex+age+ever_smoker	exploratory	TRUE	0.676510984316096
SMC	COL4A1	Control - IPF	-0.276556137054281	0.238789544279084	21	-1.15815848591368	0.259801712519222	28	mean_log10_counts+sex+age+ever_smoker	exploratory	FALSE	NA
SMC	COL4A2	Control - COPD	-0.184293101191754	0.252230680493658	21	-0.730652991266016	0.47306483842032	28	mean_log10_counts+sex+age+ever_smoker	exploratory	TRUE	0.851516709156576
SMC	COL4A2	Control - IPF	-0.00950599539777262	0.201828866829667	21	-0.0470992853851536	0.96287914490334	28	mean_log10_counts+sex+age+ever_smoker	exploratory	FALSE	NA
SMC	COL15A1	Control - COPD	0.387902430699266	0.330346497288403	21	1.17422898042904	0.253448052505217	28	mean_log10_counts+sex+age+ever_smoker	exploratory	TRUE	0.679456481184199
SMC	COL15A1	Control - IPF	0.295692093301453	0.264335246919116	21	1.11862529400754	0.275933190525163	28	mean_log10_counts+sex+age+ever_smoker	exploratory	FALSE	NA
SMC	COL18A1	Control - COPD	-0.212634166801692	0.213105734804687	21	-0.997787164182008	0.329741725134675	28	mean_log10_counts+sex+age+ever_smoker	exploratory	TRUE	0.780924140679815
SMC	COL18A1	Control - IPF	-0.487594220247001	0.170522035171748	21	-2.85942060072121	0.00938744835467093	28	mean_log10_counts+sex+age+ever_smoker	exploratory	FALSE	NA
SMC	LAMA1	Control - COPD	0.0126477038778825	0.0328288570152207	21	0.385261779659845	0.703918089620955	28	mean_log10_counts+sex+age+ever_smoker	exploratory	TRUE	0.958296913198946
SMC	LAMA1	Control - IPF	-0.0158798599887988	0.0262688543587454	21	-0.604512849016277	0.551978863020657	28	mean_log10_counts+sex+age+ever_smoker	exploratory	FALSE	NA
SMC	LAMA2	Control - COPD	0.0760680731382942	0.0909426399968885	21	0.83644012468625	0.412324559206555	28	mean_log10_counts+sex+age+ever_smoker	exploratory	TRUE	0.811232217237311
SMC	LAMA2	Control - IPF	-0.102920262987103	0.0727700926039083	21	-1.41432090168284	0.171923503921914	28	mean_log10_counts+sex+age+ever_smoker	exploratory	FALSE	NA
SMC	LAMA3	Control - COPD	0.0570062063741123	0.190691058772159	21	0.298945355598577	0.767920076324787	28	mean_log10_counts+sex+age+ever_smoker	exploratory	TRUE	0.96972550468785
SMC	LAMA3	Control - IPF	-0.141546893819239	0.152586355598013	21	-0.92765105545965	0.364128630780169	28	mean_log10_counts+sex+age+ever_smoker	exploratory	FALSE	NA
SMC	LAMA5	Control - COPD	0.326898303368442	0.16286945242609	21	2.00711857563829	0.0577805720257704	28	mean_log10_counts+sex+age+ever_smoker	exploratory	TRUE	0.554812931332284
SMC	LAMA5	Control - IPF	-0.0463303764776985	0.1303241816578	21	-0.355500996732524	0.725760286081831	28	mean_log10_counts+sex+age+ever_smoker	exploratory	FALSE	NA
SMC	LAMB2	Control - COPD	-0.0524389155432918	0.177460120960426	21	-0.295496899582222	0.770516300169074	28	mean_log10_counts+sex+age+ever_smoker	exploratory	TRUE	0.96972550468785
SMC	LAMB2	Control - IPF	-0.081583643471874	0.141999280384128	21	-0.574535612090279	0.571709428769302	28	mean_log10_counts+sex+age+ever_smoker	exploratory	FALSE	NA
SMC	LAMB3	Control - COPD	0.0118739093018737	0.0247546172875727	21	0.479664426395098	0.636423856261767	28	mean_log10_counts+sex+age+ever_smoker	exploratory	TRUE	0.924291931154048
SMC	LAMB3	Control - IPF	-0.00981835957488707	0.0198080437565108	21	-0.495675377921146	0.625270951806718	28	mean_log10_counts+sex+age+ever_smoker	exploratory	FALSE	NA
SMC	LAMB4	Control - COPD	-0.000829090236187982	0.00730619495979881	21	-0.113477704981857	0.910729704648395	28	mean_log10_counts+sex+age+ever_smoker	exploratory	TRUE	0.98856648306724
SMC	LAMB4	Control - IPF	-0.00313905219159348	0.00584623982572926	21	-0.536935241311609	0.596955899241672	28	mean_log10_counts+sex+age+ever_smoker	exploratory	FALSE	NA
SMC	LAMC1	Control - COPD	0.09427852074368	0.25484345308206	21	0.369946803041167	0.715126854988217	28	mean_log10_counts+sex+age+ever_smoker	exploratory	TRUE	0.958296913198946
SMC	LAMC1	Control - IPF	-0.606752895811164	0.203919544021548	21	-2.97545239580885	0.00721503721687298	28	mean_log10_counts+sex+age+ever_smoker	exploratory	FALSE	NA
SMC	LAMC2	Control - COPD	-0.019356109403488	0.07986477118644	21	-0.242361045000708	0.810851693058993	28	mean_log10_counts+sex+age+ever_smoker	exploratory	TRUE	0.96972550468785
SMC	LAMC2	Control - IPF	-0.0405216334967725	0.0639058509322584	21	-0.634083310145206	0.532873315967731	28	mean_log10_counts+sex+age+ever_smoker	exploratory	FALSE	NA
SMC	LAMC3	Control - COPD	-0.130221985727367	0.0938545699552888	21	-1.3874868937059	0.179842411653247	28	mean_log10_counts+sex+age+ever_smoker	exploratory	TRUE	0.628975997111247
SMC	LAMC3	Control - IPF	0.0259830998978102	0.0751001482602664	21	0.345979342247946	0.732800392385561	28	mean_log10_counts+sex+age+ever_smoker	exploratory	FALSE	NA
SMC	NID1	Control - COPD	-0.270758578388017	0.309466973213101	21	-0.874919141053451	0.391514901211561	28	mean_log10_counts+sex+age+ever_smoker	exploratory	TRUE	0.801626225222177
SMC	NID1	Control - IPF	-0.241135172619211	0.247627958670862	21	-0.973780076827752	0.341249963544153	28	mean_log10_counts+sex+age+ever_smoker	exploratory	FALSE	NA
SMC	NID2	Control - COPD	-0.0582229302779062	0.0583622173494233	21	-0.997613403365346	0.329824041114056	28	mean_log10_counts+sex+age+ever_smoker	exploratory	TRUE	0.780924140679815
SMC	NID2	Control - IPF	-0.0314947343673627	0.0467000293947071	21	-0.67440502234314	0.507410794573592	28	mean_log10_counts+sex+age+ever_smoker	exploratory	FALSE	NA
SMC	HSPG2	Control - COPD	0.14703477741487	0.255141624949405	21	0.576286905141517	0.570546916562789	28	mean_log10_counts+sex+age+ever_smoker	exploratory	TRUE	0.898611393586392
SMC	HSPG2	Control - IPF	-0.113056138014169	0.204158133910728	21	-0.553767493112005	0.585586736241919	28	mean_log10_counts+sex+age+ever_smoker	exploratory	FALSE	NA
SMC	AGRN	Control - COPD	0.0938305457881919	0.0668968840082954	21	1.40261459377625	0.175343064174876	28	mean_log10_counts+sex+age+ever_smoker	exploratory	TRUE	0.628975997111247
SMC	AGRN	Control - IPF	-0.0909794976223313	0.0535292624489802	21	-1.69962172949881	0.103968261323091	28	mean_log10_counts+sex+age+ever_smoker	exploratory	FALSE	NA
