cluster_id	gene	specificity_ratio	mean_expression	pval_adj	logfc
1	0	TSPAN12	0.567270356945441	6.46264195874793	0.0353925211880341	0.544275838499229
2	0	RGS16	0.475444336830856	8.15978142398316	0.000615844187680127	0.559633943315016
3	0	IL6	0.472083886960169	8.84265901140412	0.000572416565462231	0.559879266939173
4	0	MT1A	0.440803855094257	10.785728240514	1.43627680151784e-19	0.632079701415771
5	0	CREM	0.437612718223384	6.98273383027557	0.0201239094634266	0.546778985409166
6	0	RELB	0.431104762715454	6.72874491416842	0.00442250459855845	0.55278772231396
7	0	BCL3	0.424613812006789	6.5954882886857	0.00212112377145712	0.555462595760808
8	0	ICAM1	0.423966699985478	7.24386585616337	0.0070509853729671	0.555238778438205
9	0	BATF3	0.423159536883987	6.67570973654108	0.00601044971941787	0.554474277515884
10	0	AGAP2-AS1	0.418969235864633	6.35430829686709	0.0136126926779811	0.548442956335779
11	0	CXCL2	0.417786697950626	8.0826549479824	0.0472326663405674	0.542911331582794
12	0	SOCS3	0.415967801797687	8.22275903272688	2.55185214042522e-11	0.600611447984624
13	0	KLF2	0.415376434587753	7.31495848686229	0.0151018730120244	0.548008987304079
14	0	ASNSD1	0.413271848341612	6.58274079233919	0.0114648909227761	0.567734736170891
15	0	PLSCR1	0.412569871766441	6.74027035304562	0.0376904028495659	0.543988640670258
16	0	ARL13B	0.410629956024555	6.66365461005968	0.00824183213348165	0.57079945799458
17	0	UTP11	0.405725862895398	6.69360563189136	0.01537698594816	0.547023886061558
18	0	LRRC59	0.404144840931742	6.58274079233919	0.019752830408443	0.5627610393751
19	0	MT1X	0.401411439628859	10.9890077201256	5.94247959483725e-25	0.649123771689992
20	0	CSRNP1	0.399357104699178	7.68959532163305	1.50125720798688e-08	0.587536544760564
21	0	DNAJB1	0.398446457703125	8.48155886918558	0.012850347244008	0.552712646034023
22	0	SNAPIN	0.397955967604121	6.64538091670342	0.00771767081780177	0.571142196716085
23	0	ANGPT2	0.397865935378743	7.43683932083515	0.000136007999319285	0.564377571668336
24	0	SRGN	0.397611302528001	8.14033928583864	3.12686752451337e-06	0.574871924149319
25	0	MYC	0.39563509866957	8.06443169840682	9.17738665764977e-09	0.588628657859831
26	0	PLOD3	0.393500932873139	6.86658974697307	0.0025628484953457	0.58077474892396
27	0	C11orf96	0.392651445703746	10.4555514248767	3.73508694933988e-37	0.662617852018856
28	0	CREB3	0.389170655809955	6.58912861990292	0.0230278055890578	0.546192323570017
29	0	NME1	0.387993367339132	6.46264195874793	0.0141320947640271	0.548281381121247
30	0	MED21	0.387753622445829	6.60182004585709	0.0211684733030176	0.546548042825045
31	0	IGSF8	0.387737334726183	6.47649076150208	0.0351649212429377	0.557779371911366
32	0	RCN3	0.387431353337267	6.69360563189136	0.0162551781016976	0.563263191455444
33	0	OLFML3	0.386861367730965	6.77989938848866	0.0258522624508265	0.560967639088156
34	0	SERTAD1	0.386204728664555	7.10812277971121	0.000188243858784945	0.563375551555183
35	0	MT1M	0.385921715583036	11.4637543878459	6.34922793101152e-40	0.689527726645191
36	0	ORMDL2	0.384664398710005	6.65149790180853	0.0254206613900296	0.564147935597003
37	0	MVP	0.384587022543614	6.99721636879015	0.0260960628312606	0.567706838833094
38	0	ALKAL2	0.382263186980341	7.27589583144491	0.00508414593879804	0.552263660296148
39	0	MRPS36	0.381153834012537	7.43683932083515	9.20105444892853e-05	0.5655191724642
40	0	IRF1	0.380675092173133	8.61275099888574	8.3909211285825e-11	0.606471613035458
41	0	HLA-DRB1	0.38049748734114	7.49242116461258	0.0106545024513763	0.575561932089909
42	0	RASD1	0.380365146645679	9.06860801899944	1.14920028728627e-12	0.606403623345334
43	0	NXT1	0.380052679375461	6.37663560478099	0.0189959211160185	0.547030230638044
44	0	MRPL3	0.378483949067229	6.84005433632302	0.00357036183187082	0.553570643052435
45	0	FRZB	0.378183240427361	6.95332516758463	0.0106545024513763	0.549444130505401
46	0	EBNA1BP2	0.378029908667682	6.54380822800238	0.00398681008296389	0.553159937467854
47	0	GADD45B	0.377809708660821	9.85307974594173	3.81211089898629e-23	0.624868825579012
48	0	UPP1	0.37770510333311	6.70541407918388	0.00751632777617713	0.550768455104085
49	0	TAP1	0.377168671821638	7.39004717490282	3.09048790326942e-05	0.568681309385236
50	0	IFNGR2	0.376766389334453	6.55037038768905	0.00639281808059852	0.551378380390352
51	0	TNIP2	0.376609162316233	7.69552806157647	4.41272918053455e-08	0.585140409707371
52	0	AKR7A2	0.375572049382432	6.79655559837011	0.00861374568417012	0.550260043041607
53	0	LDHA	0.375064015465501	9.07089193742675	4.20031688590908e-25	0.649601729785333
54	0	SPTSSA	0.374709164411167	7.17334515264805	0.00188887901929625	0.586696955204846
55	0	BTG2	0.374370760986109	9.7746846438755	4.78621163540099e-30	0.664043677756422
56	0	CHMP4B	0.373653053410063	7.44742533942231	7.01520057107232e-07	0.57864525527192
57	0	PPA1	0.37364113694641	8.50708338879427	1.34785320245384e-14	0.614180805202891
58	0	THY1	0.373517391721303	8.88221081977167	9.53088561662291e-07	0.577878407460545
59	0	PWP1	0.373407867599652	6.8238956138353	0.00617743401855503	0.551513731355405
60	0	SPOP	0.37336251209584	7.09919935264731	0.00193457193573672	0.587183165949307
61	0	CTSC	0.373010685320225	7.43329331583259	0.0028499831946482	0.554382748842749
62	0	MRPL21	0.372416186236799	6.51725697035036	0.0470093344820528	0.558209787980233
63	0	SLC25A25	0.371768208006108	6.98273383027557	0.000862339901336924	0.558541830215749
64	0	NSA2	0.371590586418143	6.98757751479813	0.02040312999053	0.546716385587829
65	0	FHL2	0.371031163753405	7.35674001069889	1.19620092034405e-05	0.571308387022549
66	0	DNAJA1	0.370874087357346	8.50708338879427	1.09880658954743e-08	0.588223873879971
67	0	PSMD9	0.370481286642071	6.48336562797595	0.047980647997283	0.542845347987331
68	0	OSTF1	0.370433114844103	7.78171027088924	3.86356650707054e-09	0.590481274193985
69	0	PIN4	0.370370266555842	6.66365461005968	0.048479770111857	0.557420691853977
70	0	DUSP14	0.370193966092808	6.74599872735243	0.0324319704304625	0.544670471156709
71	0	HSPB1	0.370154272554766	9.97698683272912	6.94727368370545e-27	0.654864344495276
72	0	CNN1	0.370058227232225	6.89780112570011	0.0287957719872641	0.544414573238407
73	0	SAP30BP	0.369996043166363	7.08118519097869	0.00627047228801713	0.580396142196716
74	0	JUNB	0.369963664254605	11.9318297360096	1.1328144283388e-64	0.717001011748464
75	0	MT1F	0.369621172189945	6.93839293206048	0.00334837774370044	0.553798624834195
76	0	NDUFB6	0.369610323308206	7.88396673832517	6.3186027404089e-10	0.594283790368425
77	0	TXNDC17	0.369419675426924	6.94836490840752	0.00188886263085285	0.555880491865407
78	0	NAMPT	0.369221913254227	8.68460628297643	6.9958628587707e-08	0.584094823502342
79	0	SF3A2	0.369166375109928	6.61440079789945	0.0294393555639808	0.545107400990769
80	0	UBE2E1	0.369166061970685	6.92330452655537	0.0287996194005594	0.564889207715607
81	0	FOSB	0.369158671321075	9.65114903721799	8.68254138331331e-15	0.624444558311129
82	0	NDUFA9	0.36914002931311	6.84005433632302	0.0297867066055285	0.5662362505978
83	0	CYCS	0.369003781835209	8.99835302985419	5.33917885113785e-24	0.646223031320213
84	0	TMEM70	0.368921740061586	7.35674001069889	1.46615117223948e-05	0.570747949432879
85	0	KAT5	0.368916611214335	6.75170444646421	0.0106732025710686	0.549429326493598
86	0	ZNF331	0.368901971349198	8.15548353493315	0.000125333490487363	0.564630085812512
87	0	EGR1	0.368774700344359	9.09241071274009	3.78570199946251e-09	0.598031871285099
88	0	HSPA1A	0.368735797277162	10.5175645332154	0.00619912882219783	0.555768087722894
89	0	IER2	0.368296360850411	9.89815026122058	6.3528240747322e-27	0.636805697888912
90	0	PIM3	0.367717092825262	7.51272441854729	9.83373529969643e-07	0.577797196881514
91	0	EIF3D	0.367700938622556	7.88396673832517	1.20681367808037e-08	0.588019578517095
92	0	LSM1	0.367676246097741	7.00201175339251	0.000128986834508108	0.564542953628759
93	0	RGS2	0.367633572799359	9.41088326354609	5.43579179574769e-22	0.639969816734793
94	0	C14orf119	0.367327500050574	7.16908754094019	0.00121663798174575	0.557412072629328
95	0	AHSA1	0.367291625261492	7.01630300608272	0.000630271393931726	0.559557808397174
96	0	C1QTNF1	0.36721033015174	7.48558941730257	7.48010156959698e-07	0.578484103029155
97	0	ZNF703	0.367168444182342	7.12580574063693	0.000207872148364037	0.563072703770878
98	0	TUSC3	0.366977769360978	6.91315720253927	0.0319431512600482	0.544740261498065
99	0	PRDX4	0.366945027240708	7.38638412535565	0.000137018943217157	0.56435007850356
100	0	VDAC1	0.366818153028758	8.0690091360431	4.16422817579519e-12	0.604026522021602
101	0	DLD	0.366816553984263	6.54380822800238	0.0430031417737609	0.559182209469154
102	0	PSMB10	0.366747069271897	6.47649076150208	0.0265928674080302	0.545583667199047
103	0	TUBB6	0.366693255408196	8.2552557784843	3.10137321646037e-10	0.595726970033296
104	0	COA3	0.366355487596445	7.1860431137967	5.95883917720363e-05	0.566827001164018
105	0	ATP1A1	0.366325889338072	7.21524415515263	0.0086208684654631	0.580806631595728
106	0	DDIT4	0.36629878505802	7.40460706951889	0.0302412574192522	0.54498473917869
107	0	ATP1B3	0.366160659408916	9.07431104999657	4.11038407202476e-12	0.60405486112991
108	0	ATF3	0.366029630714237	8.30266831861315	3.88575437508963e-11	0.599801034081373
109	0	PDLIM1	0.36594788940664	9.14104482873879	4.79547043325338e-29	0.6335431837254
110	0	MT2A	0.365946109844571	14.1558831562416	4.81335564252792e-53	0.699886305189356
111	0	SERPINI1	0.365941966718636	7.03514042360169	0.046381200882214	0.543005231314799
112	0	MAP7D1	0.365919644091465	7.07209305195414	0.0158966318123096	0.547763663679922
113	0	TMED1	0.365778881344932	6.53721608361495	0.0283692358193085	0.545298584228906
114	0	PHLDA2	0.365716041106458	6.65149790180853	0.0188735161252619	0.54705983866165
115	0	CTNNAL1	0.365559897024278	6.60182004585709	0.0292785974562001	0.545136586042609
116	0	CCDC12	0.36555063652386	7.36420833961312	0.00293857875536419	0.590212019767256
117	0	MGST2	0.365537115279086	7.52276989219349	0.000237695591369102	0.562642118513305
118	0	MAFF	0.365501498602511	7.64430463111076	1.62721504588968e-06	0.576508824882921
119	0	MAP2K3	0.365400890111826	6.61440079789945	0.0110091408857999	0.549299474161501
120	0	ATG101	0.365359490799908	6.64538091670342	0.040530774398047	0.543645187596438
121	0	BEX4	0.365351745781864	6.96810443285958	0.00452313617940027	0.552703127960802
122	0	NR4A2	0.365209631764083	7.85775192864313	4.93309423851286e-05	0.567371788798354
123	0	ARID5A	0.365197081127113	7.39370094739803	5.49331127661525e-05	0.567057520776373
124	0	CDC123	0.36506499358371	7.13019282185709	0.00362250273931543	0.553505082428738
125	0	DUSP1	0.364948977267138	11.1404868507559	5.14541896913461e-51	0.690386359329742
126	0	SUPT4H1	0.364906934750889	7.40098084836426	6.84015061493227e-05	0.566414180720609
127	0	LGALS3	0.364679509605304	7.2234798893677	0.0329554618257272	0.542029858422891
128	0	ARF3	0.364602792283297	7.12580574063693	0.00207803295788454	0.555540845537479
129	0	NHP2	0.364506807784989	7.49582494477978	1.11555880215597e-05	0.57150422295011
130	0	DDX1	0.364432774208539	6.96319481433088	0.0205251346665585	0.546474022766032
131	0	EIF4A3	0.364211876772485	7.80384849689187	3.912223741349e-06	0.574283993394873
132	0	NFKBIZ	0.363962070271795	7.47528075235271	0.000173142810832051	0.563629757586422
133	0	CFAP20	0.363921859203128	7.29164803933441	5.57195180595376e-05	0.56701564657156
134	0	BZW1	0.363791423115093	7.9867285652673	1.65237087158127e-08	0.587330557510625
135	0	UBE2D1	0.363638736391929	6.53059367924822	0.0208053537512777	0.546626715573482
136	0	LMNA	0.363510394265498	9.8215529853702	1.27273447562406e-27	0.636328452803119
137	0	H4C3	0.363427612138837	7.2398116427648	0.000981101443187777	0.558113782788771
138	0	SOD2	0.363386861638488	8.68460628297643	0.000142414974962689	0.569541914326706
139	0	ADAMTS4	0.363236434730388	8.46602454495594	6.31285126056136e-06	0.579072043451527
140	0	NUTF2	0.363056175825214	6.93338097667229	0.00358445376720474	0.55354907149238
141	0	PRDX5	0.363005856326605	7.88396673832517	4.56148102235632e-08	0.585064697761295
142	0	LDHB	0.362904830406247	8.49522812088086	8.50899556107752e-16	0.61874170975339
143	0	MIF	0.362904020728073	8.8506565946455	4.89640888514941e-23	0.64328760726564
144	0	NFYC	0.362722079709493	6.62065027113307	0.0497845666531382	0.555583452893353
145	0	PLAT	0.362681967788709	7.99396798450238	1.58818519039357e-05	0.576382455421193
146	0	GNL3	0.36233975131311	6.73451914291636	0.0147975038929986	0.548099503261958
147	0	LGMN	0.362335274569215	7.2234798893677	0.0162355485871422	0.574772835963654
148	0	NIFK	0.362305753147067	6.51725697035036	0.0290984705605985	0.545165771094448
149	0	ATP5MC1	0.362077483595437	7.820232042822	6.80059839098497e-09	0.589279188435614
150	0	NDUFB3	0.36174076357588	7.30335034261255	0.000135209531640773	0.564397451341328
151	0	ANXA7	0.36166199840009	7.95740205288157	3.26418799248105e-07	0.580480529763677
152	0	HYAL2	0.361550559686289	6.98757751479813	0.0293351253497166	0.544460254189112
153	0	SDHB	0.361496172421975	7.35299129817949	7.37532266884534e-05	0.566174355729406
154	0	SNHG15	0.361416775661656	7.65347722898637	1.12262202826707e-06	0.577462203243009
155	0	GYPC	0.361377422173581	8.40578177844186	2.80917868718646e-19	0.631106866354457
156	0	MIEN1	0.361357505100663	6.79102486751688	0.0272488989573855	0.545466926991689
157	0	RAN	0.36117780665816	9.55978632986149	1.63746898670845e-40	0.663561489943423
158	0	TCEAL7	0.36107864544484	6.60812413534646	0.042320712500818	0.543450197612409
159	0	PDLIM2	0.361046860685487	7.0304540779477	0.00141923906722149	0.556871091740884
160	0	ARF5	0.360838140476513	7.65347722898637	8.23559122659913e-08	0.583725569150808
161	0	COPS4	0.360766532171383	6.64538091670342	0.0177442755324084	0.547325041958799
162	0	PHF5A	0.360612899125397	6.65758906053886	0.00606850226391201	0.55158648249912
163	0	SEPTIN10	0.360496343100491	7.03514042360169	0.0333126310678332	0.544547386372865
164	0	POLE4	0.360488011673695	7.04446769232303	0.00427845742928667	0.552904885493084
165	0	ILF2	0.360400453304204	7.59754591437628	0.00014921575876089	0.56407683874286
166	0	MRPL14	0.360330147589359	6.69360563189136	0.0177150791781728	0.547333924365881
167	0	POLR2F	0.360328634219342	7.84713115870113	5.28272121163703e-10	0.594666156844698
168	0	RCSD1	0.360236951632404	6.87706874473807	0.040174742149655	0.543691291518908
169	0	RUVBL2	0.360235123501878	6.35430829686709	0.0453767753865901	0.543113935058607
170	0	DNAJB9	0.360114936535979	6.93338097667229	0.00323677777499807	0.553925516363932
171	0	BTG3	0.360044268058489	8.19789690380313	2.83275335878755e-13	0.608913114831759
172	0	KLF10	0.360037966658977	7.63815700534901	7.6977485282072e-05	0.566053808776157
173	0	HSD17B10	0.360024978597304	7.29555936350002	8.5855037452108e-06	0.572211008770743
174	0	PEPD	0.359987739787139	7.19863028752235	2.36992763209172e-05	0.569446042337782
175	0	EIF3I	0.359947347369512	8.00595353641272	7.84815941995849e-10	0.593844745675537
176	0	PFDN2	0.35990085255218	7.87615218979951	4.0500324590378e-11	0.599719400530576
177	0	SEC13	0.359778044236168	7.05834649394657	0.00325463796496562	0.553904367775642
178	0	MGP	0.359713554779261	9.61873364809946	7.1688637554804e-08	0.590999692559951
179	0	BAG3	0.359622538283503	7.12580574063693	0.000729618450446265	0.559102267805419
180	0	PSMC3	0.359612085752791	7.92746701188595	1.29851214351219e-07	0.582660103272786
181	0	HSPA8	0.359483694449262	9.44649945511853	4.76461858944238e-26	0.628429455077015
182	0	APRT	0.359463926926578	7.19863028752235	0.00394815279715216	0.55320054275737
183	0	HSPE1	0.359449557144651	8.60015578883104	9.19999447599015e-14	0.610890084865055
184	0	ST6GALNAC6	0.359428299121172	7.04446769232303	0.0129365998055905	0.548650212501015
185	0	NDUFB9	0.359358037887095	8.70827328874768	1.36587759099644e-19	0.632158374164208
186	0	PSMB8	0.359225491980504	7.05373504582104	0.00141923906722149	0.556873629571479
187	0	PSMA5	0.359095394759896	7.39370094739803	4.09213701376355e-05	0.567911077799735
188	0	STAU1	0.358880389880883	6.99721636879015	0.0306780855254361	0.544923831244417
189	0	SMIM30	0.358755575636295	6.43453904248198	0.0203628521103846	0.546726536910208
190	0	PSMB7	0.358708880672962	7.90971369459458	2.19436846584373e-07	0.581427140575512
191	0	SUCLG1	0.358668557313717	7.61330114154288	2.03792351329551e-05	0.569860977640021
192	0	CETN2	0.358572815381919	6.92330452655537	0.00746611223026573	0.550794679353564
193	0	CCT7	0.358546318714229	7.72192755458234	2.29905989596474e-05	0.569528944803877
194	0	YBX3	0.358530443215551	9.51687408164182	4.20122329732003e-22	0.626176470588235
195	0	DYNLT1	0.35851243335543	7.68959532163305	2.50667948719704e-08	0.586397904767061
196	0	ADIPOR1	0.358481479251344	6.72294748180187	0.0205743249590243	0.54667408841125
197	0	MANBAL	0.358480316249856	6.76868744708385	0.0124988543543643	0.548794445873149
198	0	CYTOR	0.358458790891502	7.99637307396084	8.4348852835103e-05	0.571239495798319
199	0	FMC1	0.358396225947772	6.72294748180187	0.00294892033074787	0.554252896510652
200	0	BAG6	0.358323793704417	7.13019282185709	0.0097839191705451	0.579674796747967
201	0	SF3B5	0.358243579375036	7.90203773916164	2.4507320874315e-09	0.591447341707046
202	0	MARCKSL1	0.358187526619076	7.77051244869857	4.62754700603838e-07	0.579638815949758
203	0	ENO1	0.358155044496278	8.12283464643519	1.16796575677977e-09	0.593014029127528
204	0	GDI2	0.358093116151664	7.53935845765076	3.06303181658754e-05	0.568708379578246
205	0	AQP1	0.358034946247171	7.84446370428713	0.00522873470250836	0.552159609241764
206	0	MT1E	0.357986315888468	11.3752775418539	4.81335564252792e-53	0.694050140765004
207	0	SNU13	0.357978978463521	8.21658355237281	1.88922879425155e-12	0.605491696218294
208	0	METTL9	0.357972717502749	7.05834649394657	0.00295840776454443	0.554239361414147
209	0	SDCBP	0.357945583254049	8.5874496492186	1.4753023368229e-13	0.610068673695893
210	0	FKBP10	0.357927560626539	7.40822419899582	0.00153099009290008	0.596309580742866
211	0	NDN	0.357890552495424	8.67112096740867	4.38365775380894e-14	0.612134890771771
212	0	RALY	0.357884890093316	7.46489789720283	0.000608196690704868	0.559677932378658
213	0	MCL1	0.357881441780541	8.91690343911546	7.84285172541806e-13	0.615960237753638
214	0	TUBB4B	0.357853648243151	9.03858329080684	4.05165046513076e-19	0.630562501691887
215	0	TBPL1	0.357837589760344	6.98757751479813	0.0214455383098649	0.546490941636664
216	0	TCIM	0.357764917043163	10.1310373548242	8.66389261066229e-30	0.646656077064972
217	0	BCL7B	0.357747467364374	6.71712665857751	0.000352140860313434	0.561412962561923
218	0	DDT	0.357743649655495	7.22758019294133	5.16104827637064e-05	0.567243205381554
219	0	FDFT1	0.357741783394505	6.6268727895897	0.0137564998941063	0.548393468639181
220	0	LRRC32	0.357692251390685	7.35299129817949	2.47181832487579e-05	0.575053289608526
221	0	TPGS1	0.357625408458767	6.81302170162772	0.00173485877873936	0.556173188327333
222	0	MAPRE1	0.357570878749502	7.04910881032701	0.00233143172674822	0.555114912969329
223	0	TIMM17B	0.35751338451024	6.94338753606336	0.010722955624541	0.549409869792372
224	0	PSMC2	0.357499229498366	7.30723011116601	0.00276475891661792	0.554488068812431
225	0	NR4A1	0.357497125428126	9.05828540486444	2.40015440464027e-06	0.581824144291863
226	0	SEC11C	0.357448670423846	6.62065027113307	0.0436692178968902	0.543296235889662
227	0	PSME2	0.35741011564398	7.59754591437628	1.21499133959906e-05	0.571261437156547
228	0	PSMB6	0.357404891063547	8.38390441717893	4.84035663129589e-13	0.607958467556374
229	0	FUNDC2	0.357395515371833	7.37163820661251	2.40734812213729e-05	0.569394439782356
230	0	CDKN1A	0.357358542967581	8.28113080334957	3.62407849035478e-11	0.599944844481741
231	0	LAMTOR2	0.35734051906205	6.47649076150208	0.0306904359002499	0.544919601526759
232	0	NDUFS5	0.357269501591054	8.99354544824907	3.78467752768098e-25	0.649743002355107
233	0	A4GALT	0.357228497766112	6.78547285237395	0.0449555952081243	0.543161730868141
234	0	SLC2A3	0.35713190345229	8.65446587516794	6.09017566969615e-10	0.593985172301778
235	0	PLPP3	0.35709646599093	7.63198307112031	0.0287957719872641	0.573035230352304
236	0	LITAF	0.357084158577455	8.14033928583864	6.34265944029041e-12	0.603238948593704
237	0	PGK1	0.357056297709784	8.5305056074044	1.17979461195612e-09	0.592989496765112
238	0	AFAP1L2	0.357050756729321	7.46489789720283	0.00162701814070227	0.594819065837717
239	0	PNMA1	0.357017363876635	7.0304540779477	0.00183717567028204	0.555975237540944
240	0	NDUFA2	0.357011161922119	7.65652184744781	1.26372254664897e-07	0.582724394981186
241	0	PON2	0.356988432539613	8.42376285745754	1.7946552019979e-05	0.64067033317392
242	0	GLO1	0.356930345826088	7.50598836526282	0.000140690110844038	0.564255755799789
243	0	ELOC	0.356900485665273	8.33343258040322	1.03394934543876e-15	0.618417290409031
244	0	S100A13	0.356828396351739	6.97787382883553	0.0493660873522636	0.542699422728134
245	0	EMP2	0.356662178207615	8.12283464643519	1.51487347010112e-06	0.576701700008121
246	0	PPP1R15A	0.356633624409683	9.17965194311018	1.86947612701292e-18	0.628317367559081
247	0	DRAP1	0.356631758533395	8.01784033518923	4.02080985212361e-06	0.57420193687231
248	0	FHL1	0.356579561667768	8.40578177844186	3.33375331762091e-05	0.567805757830053
249	0	C1S	0.356539606781488	8.89901884097075	1.41564596522725e-06	0.576878502206221
250	0	SELENOM	0.356534390830081	9.805184518856	2.63740737689708e-36	0.65833102108768
251	0	RTF2	0.356478479483849	7.52942822468164	3.14021044739405e-05	0.568635628434531
252	0	SCOC	0.356471929505511	6.92330452655537	0.0105260125876998	0.549493195230232
253	0	ADRM1	0.356279090483919	7.61330114154288	5.74667294401176e-06	0.573263785495791
254	0	COMMD1	0.356158669197295	6.6696947648086	0.0403696751316619	0.543664221325898
255	0	FOS	0.35613208322028	11.8293219294789	3.50820521671031e-29	0.644633503424379
256	0	NDUFB4	0.356061976519017	8.77282768786726	1.48119646787793e-16	0.621551088221759
257	0	RAB10	0.355851304824089	7.35674001069889	0.00186087589012852	0.555931248477302
258	0	JUN	0.355829988405802	11.2733531524001	1.71974004889348e-20	0.619530129124821
259	0	NAA38	0.355778870138948	6.75738768887369	0.0178211174643524	0.547303470398744
260	0	FSTL3	0.355745030281748	8.39488456658381	0.000137686762932596	0.564326392084675
261	0	SUMO3	0.355740284083093	7.14760894501227	0.0111377753657114	0.549245756747246
262	0	LEPROTL1	0.35570565694604	6.82930198892195	0.00969732796252214	0.549807463252213
263	0	SELENOK	0.355670723445512	8.46949110099547	1.54077709313489e-12	0.60585968165453
264	0	PSMA3	0.355612907260004	7.95245581504484	5.74935447329586e-07	0.57913040388728
265	0	MANF	0.355606382824887	7.35674001069889	0.000956411261216142	0.558208105492542
266	0	CORO1B	0.355570124984498	7.17759023646117	0.00225119383062178	0.55524941799085
267	0	UFD1	0.355524069833873	6.97787382883553	0.0376583895210266	0.566618842659015
268	0	JUND	0.355509256589276	9.09241071274009	0.0269544504654476	0.549295962287354
269	0	DNAJB4	0.355481384029223	7.98914574362475	0.000357605448742473	0.561361360006497
270	0	STRAP	0.355451680360458	7.63198307112031	2.00092469303553e-07	0.581638626458407
271	0	CEBPB	0.355386585325943	10.6178158327161	1.06878211786118e-32	0.652631899515444
272	0	XBP1	0.355384503359865	8.39852612382993	7.62160225367981e-13	0.607137902330744
273	0	CFAP298	0.355383475260869	6.99721636879015	0.00623412871004989	0.551476509840015
274	0	COX5A	0.355352400427071	7.41543136447786	4.32974502454915e-05	0.567742735036951
275	0	GADD45GIP1	0.355316391191849	8.20415271864294	7.07177406568466e-11	0.598651396821959
276	0	ATP5F1C	0.355306795884161	8.42911376875595	2.21247009326578e-12	0.605201114615197
277	0	SNRPE	0.355253223401729	7.83105194744467	1.37410322463168e-09	0.592646043691291
278	0	ID1	0.355201339290555	9.81407381703523	0.00034255666323376	0.561503478519802
279	0	TANK	0.355164070246091	7.1818228658892	0.00195361279250912	0.555760367883923
280	0	NDUFS4	0.35501240384886	8.10511500680976	1.73069732330898e-11	0.601352494518286
281	0	AAMDC	0.354988561167855	6.39133079183426	0.048479770111857	0.54279120760131
282	0	RHOC	0.354980136423165	9.4500131881336	5.81125278476088e-25	0.627579281827779
283	0	CAMTA1	0.354881857687041	7.44742533942231	6.61285846825882e-05	0.566516539887929
284	0	TPPP3	0.354844253749818	10.0893998628891	5.90503271932903e-29	0.636668945074578
285	0	CUEDC2	0.354840474227661	7.27193075823373	0.000261633656230653	0.562339270729
286	0	PPM1G	0.354833542619853	7.36047900776727	0.0235431912283144	0.577060417663
287	0	BNIP3L	0.354817072524752	9.02921777673484	5.9533020586818e-13	0.590037153839907
288	0	MCRIP1	0.354792905683351	7.24790870846602	0.000315601260943274	0.561762337240465
289	0	SLC25A4	0.354775697611022	7.62267234592177	0.00528964514444214	0.552114351262824
290	0	GLUD1	0.354732160920254	7.13892716406705	0.0120424209964233	0.54893698735822
291	0	PPP2CA	0.354729708717223	7.38638412535565	0.00103907994262972	0.557930213042419
292	0	GIPC1	0.354699453393986	6.70541407918388	0.0315269288620209	0.544804553206464
293	0	AAMP	0.354678330074926	7.55575844875138	6.54069320206744e-05	0.566556722205679
294	0	NDUFC1	0.354639242391061	8.03665782060737	1.34943641222883e-06	0.57699608835711
295	0	EIF6	0.354637696479899	7.67164930010996	6.96506416843214e-06	0.572769331501584
296	0	ADK	0.354497586186401	6.85072713939188	0.0283692358193085	0.566702534672406
297	0	SNRPB2	0.354461854283397	8.11178540212599	1.58646386982138e-10	0.597058485151999
298	0	ZFP36	0.35443662171232	11.5763483179382	5.14996037892499e-43	0.678056732357002
299	0	LSM3	0.354415159012559	7.68661977764072	1.78294770281172e-08	0.58715333234076
300	0	NDUFB1	0.354367922540895	8.16192557663286	9.95950697996145e-11	0.597969143363742
301	0	PARK7	0.354353609847136	9.00911186858616	2.08332843142658e-30	0.636232438212284
302	0	PLTP	0.354345992641591	7.64736864819673	0.000289440141245991	0.562027117565848
303	0	RAB1A	0.354331996921973	8.13598299715095	8.25503252087648e-09	0.588861292331014
304	0	GLRX5	0.354295105031812	7.43683932083515	0.000137686762932596	0.564331467745865
305	0	NOL7	0.354289643673238	7.44742533942231	6.8349556442655e-05	0.566419679353564
306	0	TSEN34	0.354281675125662	6.87706874473807	0.0026486198002672	0.554649221055196
307	0	POLR2G	0.354253603670789	7.32647397524101	0.00237673363216935	0.555040469938551
308	0	TSPO	0.354236525069225	7.46836715819309	0.00141923906722149	0.556870245797353
309	0	CAMLG	0.354218711352293	7.35674001069889	0.00023162908431755	0.562726289894697
310	0	CALU	0.354213171062952	7.91226329750172	0.00128748383539591	0.557219620475894
311	0	ATP6V1F	0.354180177400277	7.701436504421	4.57013845960672e-06	0.5738534081373
312	0	BANF1	0.354162260296951	8.05983969106292	7.34285447830724e-10	0.593980096640589
313	0	TIMP1	0.35415163230302	11.4423040481411	3.53185979026562e-07	0.573182997888525
314	0	BAD	0.354137159450738	6.94836490840752	0.0298905840668904	0.545040571451774
315	0	RAB9A	0.354083009046816	6.71712665857751	0.0468444205770373	0.54295489767467
316	0	TMEM47	0.353888364338641	7.66561734002424	0.0138152850346556	0.548374011937955
317	0	ADI1	0.35386465627818	8.78261486041439	4.07082753853387e-11	0.599705019490539
318	0	RDX	0.35381660942362	7.49922071323672	0.00060568354482313	0.559693582333992
319	0	SNHG8	0.35380073200666	7.01630300608272	0.0048891969192488	0.552416776075363
320	0	ANXA2	0.353766503918609	10.0430391882216	4.79547043325338e-29	0.64247507850356
321	0	PFDN1	0.353734245837576	7.2234798893677	0.00127387051696775	0.557255996047752
322	0	SERTAD3	0.353723483510289	6.83468817970022	0.00832755082024975	0.550384396740749
323	0	PSMB3	0.3536993402076	8.32962273309819	1.19722099013271e-12	0.606321566822771
324	0	PITPNB	0.3536885783307	6.85072713939188	0.0381880180921895	0.547570711211314
325	0	HERPUD1	0.353686962816164	8.63298655187208	3.13374675989173e-08	0.585917408841125
326	0	COX6C	0.353569138045059	9.48810976532226	7.62624482878928e-32	0.645583498010341
327	0	REXO2	0.35352425613525	7.04446769232303	0.00198789682246592	0.555701574808478
328	0	RSL24D1	0.353509139981966	8.03197640936579	2.33648995607245e-08	0.586564132671016
329	0	ERGIC3	0.353490396790519	7.84713115870113	6.39093231048867e-07	0.578877466771338
330	0	EPHX1	0.35342506701321	8.07129242005581	3.16306060587205e-07	0.580560048455645
331	0	PPP4R2	0.353369112562398	6.89264589505553	0.0205418317866462	0.569783197831978
332	0	ATOX1	0.353364003288703	7.36792805607639	0.000266914134414307	0.5622749790206
333	0	SMDT1	0.353341645101384	7.67765614532239	1.15582100471907e-05	0.571403132698086
334	0	ETFB	0.353331650833714	6.76868744708385	0.015864513226129	0.547805114912969
335	0	MTX1	0.35329947576873	6.62065027113307	0.0328148545873179	0.544616753742454
336	0	SAT1	0.353287703137111	9.39638689024787	2.62708516128748e-11	0.600553077880945
337	0	SUCLG2	0.353261127177404	6.89780112570011	0.00851147033247984	0.55030487804878
338	0	FAM162A	0.353228648855076	7.34168635971748	0.00204902092844791	0.555589064318779
339	0	LUM	0.353213198929878	8.17684607603138	0.000505932788363606	0.560272630681357
340	0	GTF2B	0.353144834916875	7.05373504582104	0.00291386403423758	0.554304076094313
341	0	ID4	0.353142556581824	7.35674001069889	0.0216458683723767	0.550301291248207
342	0	EIF4A1	0.353140754047968	9.37621351026569	3.16692350074151e-19	0.609980272596844
343	0	CCNH	0.353086585914124	7.55575844875138	0.00248090187519565	0.554880163639317
344	0	NDUFAB1	0.353072079400098	7.87353790555913	1.21066509418412e-05	0.571274126309521
345	0	FAM50A	0.353046430815541	7.38271175152708	0.019977776297978	0.546814515037492
346	0	BCAS2	0.353045707824661	7.09022038828108	0.00548339237933891	0.551965465201267
347	0	RBX1	0.353040046918758	8.56007171353979	3.63682118889871e-11	0.599933424244065
348	0	TXN	0.353009157249188	8.79648235432162	8.66875619918426e-18	0.625990599875477
349	0	GPX1	0.35300487143339	8.4201845255967	1.37400417589433e-18	0.628786020275575
350	0	SRA1	0.352984498798573	6.63923788528418	0.0487266366910893	0.542762445521237
351	0	CLTA	0.352948816381921	8.60646713886409	1.17040374385505e-12	0.606366401829945
352	0	MRPL40	0.352911142733653	6.6696947648086	0.00466729725654085	0.552585541809913
353	0	CDC42EP1	0.352859590330975	7.62267234592177	2.41032787920608e-05	0.569387672234103
354	0	MAP1LC3B	0.35281641582888	7.96724394332804	3.44409935553271e-06	0.574618564061612
355	0	GUK1	0.352803515243308	8.83864353262321	2.93212916520881e-16	0.620455591348366
356	0	M6PR	0.352783363021091	7.78727675677726	0.00265821395567542	0.554634417043393
357	0	FLOT1	0.352769175400132	7.701436504421	1.12252913601198e-05	0.571484766248883
358	0	AKIRIN2	0.352661624066682	7.02575245988603	0.00766112462826345	0.550699087734495
359	0	COMMD6	0.352643903402878	8.66810703515377	1.24712037817575e-15	0.618103868330581
360	0	AMD1	0.35255702730913	6.88227983837043	0.00895168977938048	0.550107350234157
361	0	EIF3M	0.352511860774749	7.40822419899582	0.000615844187680127	0.55963648114561
362	0	HSP90AA1	0.352468045451596	10.3084611283027	1.20355438345416e-12	0.601266653002664
363	0	EFEMP2	0.352443271448196	8.78400762358129	9.54286895354589e-09	0.588543217563141
364	0	HNRNPM	0.352441016990544	7.89173918625612	0.00136604872634502	0.557008980536531
365	0	CNN3	0.352428308049154	9.92806360595682	3.59184907443588e-22	0.624813046479521
366	0	EMP1	0.352406165402946	8.79371949882889	4.98102968954238e-06	0.579733551957368
367	0	CSRP1	0.352390664795711	8.05292415806464	0.000226798012082784	0.567995490879279
368	0	CCT3	0.352347035596529	8.00117125775901	5.92028281045693e-08	0.584470845402128
369	0	HSP90AB1	0.352338472649671	9.89750701962798	4.97101383796966e-17	0.608427543244633
370	0	WDR1	0.352326184130019	7.71610260649418	0.000140454886885794	0.564263792263339
371	0	BRIX1	0.352286848746128	6.62065027113307	0.0394926371280111	0.543777577759129
372	0	NOC2L	0.35227648080785	7.00679125137199	0.0435322487246224	0.543314000703825
373	0	ARID5B	0.352246575612245	9.32546709249122	2.31215649069988e-16	0.620841341598766
374	0	RTL8A	0.352243344172174	7.39370094739803	0.0301560972730068	0.544175594190737
375	0	IDH2	0.352206249149484	7.61016383068909	0.00291386403423758	0.554303230150781
376	0	FBLIM1	0.352152951239377	7.84179130877676	1.69923350171957e-05	0.570349933001272
377	0	SH3BGRL	0.352152682076135	9.05943601613284	9.95303450205742e-20	0.610806759427195
378	0	TM2D3	0.352136244180471	7.41543136447786	0.00237461712820035	0.555046391543272
379	0	SLC39A1	0.352132692950507	8.18740988450224	2.21247009326578e-12	0.605198153812837
380	0	CEBPD	0.35212389020259	12.6097827956692	4.1720812014267e-37	0.667019707100512
381	0	UQCRFS1	0.35208521983982	7.87876174530546	5.53160128718315e-09	0.589725846620286
382	0	GTF2A2	0.352052128093558	7.83105194744467	4.96660643101352e-07	0.579472165074037
383	0	HSPD1	0.352051327874324	8.18108088606462	1.70961655777424e-06	0.576387009014374
384	0	MRPS7	0.352038075928177	7.21936789904147	0.00214672837275335	0.555414799951274
385	0	COX17	0.352016257883423	7.89689765210474	1.33206749507727e-07	0.582595388592621
386	0	MRPL27	0.351953595047907	6.91823978604229	0.00213049141452303	0.55544229311605
387	0	ARF4	0.351938248097753	8.25726272460378	9.85420367206122e-08	0.583314863566227
388	0	TCP1	0.351855282787435	7.6746558489974	0.000145317957810216	0.564158049321892
389	0	CFL2	0.351853924938429	7.23574600423715	0.0267052813726668	0.545561672667226
390	0	CAV2	0.35179867250001	8.77001911423955	1.06217096657136e-15	0.602188973150236
391	0	COX4I1	0.351686425290056	9.59353792190007	1.17395274422169e-39	0.664778802685363
392	0	PSMD12	0.351670129370194	7.04910881032701	0.0212474057632355	0.546528586123819
393	0	OAZ1	0.351658345549246	9.85108785337203	1.95743008820521e-31	0.648556989523835
394	0	CITED2	0.351657956630031	9.45614170359045	2.67221068191457e-09	0.591259542243036
395	0	MRPL51	0.351601052781622	7.54265340407814	1.02706289622359e-07	0.583215465201267
396	0	CD151	0.351588788068152	9.68881255058466	4.01249125358711e-14	0.59890940959909
397	0	FKBP1A	0.351580296523595	8.67112096740867	1.93687892469721e-15	0.617378048780488
398	0	MED30	0.351551455523202	6.60812413534646	0.025278493150615	0.545802766573726
399	0	PUF60	0.351505911932481	7.61016383068909	2.32069828278069e-07	0.581293058525757
400	0	CYSTM1	0.351474984005054	8.8156755968857	1.52646707782135e-14	0.613972280122357
401	0	ARHGDIA	0.351423906727007	8.7416284979239	1.22034452030928e-10	0.597569435045072
402	0	SLC25A5	0.351367860371819	8.97659161801799	5.05357734235094e-23	0.643236850653745
403	0	SLC25A11	0.351348846496967	6.91315720253927	0.00150041045976475	0.556670180152135
404	0	UQCRH	0.351336496951017	8.32962273309819	2.77584149331962e-12	0.604771798272922
405	0	FABP5	0.351281168431075	7.60701968251084	0.000455497034039688	0.560602548658672
406	0	MRPL18	0.35127051835452	6.96319481433088	0.00346858112504714	0.553678923824477
407	0	PHB	0.351254073771058	7.48558941730257	0.000743036145451795	0.559034169351127
408	0	PSMB5	0.351225369695311	8.33152891437375	9.74372015217485e-11	0.598015247286213
409	0	SELENOS	0.351208790320967	8.93957687694297	2.25107987071574e-09	0.59163175739693
410	0	MRFAP1	0.351191026965836	8.89515741102784	2.25907443549574e-20	0.634734272217861
411	0	LAMTOR5	0.351154912753665	8.29877624625137	2.47062964618587e-11	0.600680815354213
412	0	PPIC	0.351147237491978	8.01072001501926	1.6931393775202e-07	0.582032836144122
413	0	TM4SF1	0.351099909770447	8.26526270624492	1.45471468379799e-06	0.576802367288379
414	0	JMJD8	0.35107616448089	6.84005433632302	0.0163068231830424	0.547682453100891
415	0	VASP	0.351063422821924	8.39670649417939	1.29267784745782e-06	0.577105638044449
416	0	GINM1	0.351036522335894	7.94001551641681	0.000910065710104252	0.558373487452966
417	0	CCDC85B	0.351030162414852	7.92998545969566	4.12187610057225e-08	0.585299870063074
418	0	RTRAF	0.350944003481102	8.21038152409181	1.33641194327709e-09	0.592710335399691
419	0	SRSF3	0.350921950992847	9.52522617134449	1.07579777280741e-26	0.633096525540727
420	0	ISG15	0.350898592693412	8.21658355237281	4.45412563062078e-06	0.573927851168079
421	0	RHOA	0.350892313615995	9.29745929953662	4.32252345493099e-20	0.614161771473431
422	0	HIC1	0.350868823133006	6.87706874473807	0.023194533056803	0.546162292574646
423	0	PYURF	0.350866328746484	8.10956536203711	1.10201097966239e-11	0.602208166400476
424	0	AP3S1	0.350744788878133	7.26795475745735	0.00691805471738565	0.551091182561382
425	0	RSL1D1	0.350682903000268	7.41183228227046	0.00028374759755754	0.562088025500122
426	0	H2AZ1	0.350682437132908	8.7672050623408	1.4983779944316e-12	0.605913822040551
427	0	RHEB	0.350673921583669	8.22481166583764	2.37802711305119e-10	0.596270911724101
428	0	GSTO1	0.35066130311794	8.55191950011523	3.91272834238702e-14	0.612340032078179
429	0	SNRPB	0.350633765918281	8.29877624625137	6.09017566969615e-10	0.59436669283452
430	0	EIF2A	0.350628019684806	7.19025105241066	0.00357036183187082	0.55356810522184
431	0	TIMM13	0.350619616113199	7.04446769232303	0.00281451654394819	0.554426737906391
432	0	CCS	0.350616551234736	7.06752540412223	0.0364829774734306	0.544145986167131
433	0	RHOG	0.350596183953887	6.8238956138353	0.00697939780967868	0.551054806989524
434	0	NDUFB5	0.350545889489578	7.31495848686229	0.000358657980340967	0.561349516797055
435	0	SLC39A7	0.350544523064277	7.08118519097869	0.00416730776779304	0.584098517455763
436	0	TMSB10	0.350483544681704	11.4556932195716	1.2344774839253e-24	0.634987209333802
437	0	MED4	0.350420524958765	7.65042617166666	0.000213014547083109	0.562983033756531
438	0	MRPL36	0.350410803101603	6.6268727895897	0.0211648175516992	0.546551426599172
439	0	PSMD6	0.350369304527984	7.31880720489496	0.0145898402823916	0.5481595652527
440	0	WBP4	0.350360522399418	7.5327459026824	0.029316025949867	0.545128972550824
441	0	HEBP1	0.3503581605762	6.81302170162772	0.024337804245944	0.54595799721177
442	0	PRELID1	0.350316144636794	7.8709188754155	5.99581741749603e-09	0.589551582252781
443	0	DYNLL1	0.350305933360081	9.72261547583649	5.43729585415724e-28	0.637296635175009
444	0	CHTOP	0.350303966668681	6.94338753606336	0.0148902477067956	0.572556990275785
445	0	VPS28	0.350281835360371	8.51213454637193	3.36305981603494e-07	0.580408624563493
446	0	SKP1	0.350278500885594	10.2108719000468	1.18379692837883e-22	0.628064430443139
447	0	SDF2	0.350267775205941	7.11256388062384	0.002535944167649	0.554799799003817
448	0	GYG1	0.35026221332597	7.37533884029635	0.000516348274164951	0.560197341707046
449	0	ARL6IP1	0.35025256069665	7.31880720489496	0.000113090373450637	0.564927011992095
450	0	UBL5	0.350237686434497	8.99474884641564	2.79912513286666e-21	0.637690844860724
451	0	CFL1	0.350173600909371	10.7115511187557	1.60419855103518e-41	0.675533282802306
452	0	TBCB	0.3501354890545	7.96724394332804	7.80372631630033e-07	0.578377514144176
453	0	JTB	0.350097399922206	7.97458154939254	2.61498058288636e-06	0.575337616063452
454	0	CCT2	0.350065320112581	7.72192755458234	1.41779867183126e-08	0.587665128177364
455	0	CYC1	0.350062522513143	8.26126826056924	2.37689410923353e-12	0.605066609593676
456	0	DYNLRB1	0.350039076696988	8.77422992698692	1.85099205611744e-15	0.61746222016188
457	1	KIRREL1	0.479718043696868	7.72893939438328	0.0260485396396315	0.575006551362683
458	1	ANKRD62	0.412341201801021	9.47750817508969	2.39309333837493e-10	0.599285854470642
459	1	ENAH	0.411557807740598	8.4146970460722	6.74899079378244e-07	0.557702998652291
460	1	SPEN	0.40909287038911	8.29232936029184	1.54392696847214e-10	0.571176718328841
461	1	MON2	0.408571518208579	8.29787118601206	1.7876436522911e-07	0.562442722371968
462	1	STXBP4	0.405648578423084	8.82484364239249	1.07663842857591e-06	0.565308288409703
463	1	UBR4	0.40187358985494	8.66678351375708	1.87312717604377e-07	0.566900269541779
464	1	USP34	0.400497575709922	8.60553730311329	0.000360846011633751	0.553108153638814
465	1	BOD1L1	0.400148452336004	8.62330313288972	1.44764312153944e-08	0.567858827493261
466	1	AFF2	0.398124886258744	8.46482546298786	2.7008303191941e-05	0.553903301886792
467	1	KMT2C	0.397880247519375	8.325265424933	0.000235523933250899	0.550171832884097
468	1	KCNQ1OT1	0.396038730685878	8.87390309861649	0.000118434915928717	0.549440700808625
469	1	DMD	0.396009758442983	8.57847149712713	1.11890236059327e-09	0.574213274932615
470	1	BRWD1	0.394373076017142	8.5037107032772	0.000277287570551437	0.551351078167116
471	1	DGKH	0.394246684013567	10.4012620548083	8.07679439834602e-22	0.633126684636119
472	1	BPTF	0.393368721084507	8.87018795862511	8.91920750586011e-07	0.566330862533693
473	1	TIA1	0.392456309730457	8.07716368464586	0.000244112782379525	0.547662567385445
474	1	GOLGB1	0.389564339813465	9.34191503354364	5.8802227947949e-15	0.601004043126685
475	1	CEP350	0.38914891712799	8.60999931271708	4.34821027640092e-07	0.564167789757412
476	1	KIAA1109	0.388994928909537	10.0908175551599	1.75806059406611e-19	0.633545721555995
477	1	TUG1	0.388775515946569	8.37854111080729	4.83582998624942e-06	0.556728436657682
478	1	SYTL2	0.388627491404565	8.28118143359911	1.62912985570875e-05	0.552869777628032
479	1	MED13L	0.388575832489876	8.05769634221902	0.0145168310853637	0.537912735849057
480	1	GUCY1A2	0.388211685623429	10.3541635075368	1.7932257537728e-17	0.626772251698655
481	1	MACF1	0.388168179155443	9.29834459097719	7.94339064570768e-14	0.597241408355795
482	1	AHNAK	0.388047944179571	10.7126409706089	1.59568457765023e-46	0.675518478790504
483	1	SBF2	0.387738153115873	8.76608250973925	6.3254665360542e-08	0.571290431266846
484	1	LRP6	0.38700989518968	8.37854111080729	0.00636988734816481	0.542833557951482
485	1	STARD9	0.386932479302651	9.08734770079713	1.03945397486462e-08	0.591666441081725
486	1	MKLN1	0.386851488975762	9.29002658676662	8.01038785325537e-09	0.580304919137466
487	1	PDZD2	0.386526423272716	8.59206787049079	0.000688864645534487	0.551222203504043
488	1	LAMA2	0.385618329884177	9.49931881614029	1.79109209785989e-08	0.590422904090306
489	1	CACNA1H	0.385277492530408	8.63210467525063	3.71949373836519e-06	0.562558119946092
490	1	BDP1	0.384536632697286	8.45493815433515	3.10495176720924e-06	0.55932698787062
491	1	ARHGEF7	0.384446249255362	9.12524666040055	6.81883136662598e-09	0.577612870619946
492	1	OBSCN	0.384399567608071	8.67957613897315	1.37698464030181e-06	0.564590633423181
493	1	ZMYM2	0.38379835455847	8.43997896614901	0.00166126653756691	0.547323955525606
494	1	NFAT5	0.383788128365036	8.75806370316829	6.29441146544178e-06	0.563140161725067
495	1	TEAD1	0.383387478269229	9.25341720215276	2.28662297651205e-10	0.583574797843666
496	1	UTRN	0.383253227120887	10.2664370590849	8.40922380211259e-19	0.623824123989218
497	1	SETX	0.382884792487785	8.33068240109167	7.62153300940759e-05	0.551637466307278
498	1	CSPG4	0.382835776381766	10.2636077694834	2.32379505176325e-30	0.637595253241656
499	1	ZNF638	0.382820337854534	8.70899171750026	1.18578584547619e-06	0.56795653638814
500	1	ZC3H11A	0.382627672705775	8.17677292320826	0.00392891856584104	0.542419137466307
501	1	FAT1	0.382568357441526	8.79380245967914	4.74079782780354e-06	0.561378032345013
502	1	UACA	0.382326282879974	9.66715011607648	6.01097087441449e-12	0.606018719038467
503	1	MCAM	0.382184178334973	10.9236033953748	7.14138848850209e-29	0.642607045694486
504	1	CRIM1	0.382155412983772	10.9815708980471	4.63714573305252e-32	0.644614469694919
505	1	PLCE1	0.382055379304313	9.77836716441158	2.79744374728199e-12	0.607369690858396
506	1	KMT2A	0.382010728229766	8.66678351375708	3.29193825546432e-06	0.560729447439353
507	1	PLXND1	0.38135446014609	8.65819164001638	0.000959190255853878	0.551477425876011
508	1	CREBZF	0.381138056402709	8.17677292320826	0.034791723100135	0.537056098382749
509	1	DOCK6	0.380663907763746	9.03521551657697	0.000104815714804501	0.569689674074876
510	1	ITPR2	0.379914558379614	8.35746632657464	0.041177988284153	0.537886623989218
511	1	RNF213	0.379622517808912	8.91775418934426	2.29064694163621e-09	0.578886455525606
512	1	PHF3	0.379550348425236	8.12782780905218	0.00175689870162454	0.544408692722372
513	1	ARHGEF12	0.379191302607087	9.19818253872601	5.20160187064938e-09	0.582257412398922
514	1	NF1	0.378599355614074	8.49890698017375	1.63467536184725e-05	0.555815363881402
515	1	LIMA1	0.378327024675732	9.14690317189477	1.38034862256606e-08	0.578182277628032
516	1	RBM5	0.378024512185502	8.91053761032264	1.27481369402673e-07	0.573333894878706
517	1	DST	0.37759701387227	11.0989124605922	9.00570126835156e-59	0.70061804634417
518	1	RIF1	0.377445843173948	8.80162559384568	8.92112518028955e-07	0.565262803234501
519	1	MTRNR2L12	0.377437439801327	10.3474987231728	6.50100321312815e-15	0.616769815381284
520	1	ATRX	0.377431162623256	9.89081779069898	1.69071763321156e-15	0.619788141901952
521	1	GJC1	0.377283177983667	10.2493774897348	1.65050314726533e-26	0.63168210795593
522	1	APBB2	0.377168353153073	8.42486304073592	0.0192575972167962	0.541120283018868
523	1	EPB41L2	0.376887121172818	9.89448025092852	3.14574310172877e-16	0.602108768035516
524	1	SYNE2	0.376782400686418	10.2832972577896	5.59064029587267e-23	0.637587601078167
525	1	TANC1	0.376764952128896	8.65819164001638	0.00202895611526319	0.548712095687331
526	1	SMG1	0.376601893559202	8.18875407628645	0.000155298329482792	0.549641172506738
527	1	PDE5A	0.376414092263572	8.98800145942378	5.10372364707232e-05	0.560126347708895
528	1	ADGRD1	0.376230306836656	9.39717439626664	0.00113595376535463	0.558376010781671
529	1	TBX4	0.37556645212084	8.1402206396619	0.0268394909569563	0.536867419137466
530	1	SENP6	0.375534243009188	8.60553730311329	0.00420811871932531	0.546275269541779
531	1	TNS1	0.375456625126701	10.1003631296574	1.30465714606212e-24	0.625129429360331
532	1	OGA	0.375381812098954	8.30889137997347	0.000189092138049384	0.551234838274933
533	1	RNF152	0.375379303579015	9.41768108451937	9.02815154941803e-10	0.585088443396226
534	1	VPS13C	0.375370675793128	8.60999931271708	0.00691847526827832	0.544300876010782
535	1	RALGAPA1	0.375363149213627	8.60999931271708	0.0205309501511415	0.542904312668464
536	1	DYNC1LI2	0.375269561419134	8.63210467525063	0.00705439581803549	0.545690700808625
537	1	PREX2	0.374399541409513	9.27605577662047	0.000165196988073424	0.568442330337565
538	1	PPP1R9A	0.37439519115056	8.0179554182765	0.000987323841225743	0.544272237196765
539	1	GOLGA4	0.374221486904464	9.10009162906408	5.54058767925141e-09	0.580143194070081
540	1	SYNM	0.374205539597073	10.1684983713843	1.3746212759898e-20	0.616434821742779
541	1	ANKRD11	0.374197472774287	9.1591339106306	1.94374133049856e-05	0.564852594339623
542	1	SPAG9	0.37398651203677	8.5322019183999	0.000986418343371399	0.548516677897574
543	1	RASAL2	0.373928496398838	9.04842623103926	3.85781670635062e-05	0.562830188679245
544	1	OLFML2B	0.373863138572807	8.66249397291839	0.00144795749576355	0.548109838274933
545	1	KDM5A	0.373538029127202	8.12782780905218	0.00148707748938629	0.543344002695418
546	1	IGF2R	0.373444020299206	8.02465539367995	0.000632513406616183	0.545635107816712
547	1	DGKG	0.372987529532032	10.2579324899962	4.25881317616236e-27	0.634204288595328
548	1	NKTR	0.372934281578235	9.8058543038341	2.17709443800442e-20	0.613615291952032
549	1	CCN5	0.372597855526835	10.0940064360517	8.39240297070655e-06	0.576253349936385
550	1	NID1	0.372535248498453	10.5126910191448	2.02692358731962e-26	0.637230651579546
551	1	ADD3	0.37251705444652	9.33384517706105	2.37603993297196e-08	0.589825667957013
552	1	TBC1D2B	0.372072641190373	8.87390309861649	7.1890535229598e-08	0.571798349056604
553	1	SRSF4	0.371839084300124	8.56014135110448	0.0132298778162341	0.54497557277628
554	1	BAZ2A	0.371802315743577	8.37330120619078	0.00101183538126976	0.549600741239892
555	1	DDX39B	0.37142747367721	8.42486304073592	0.000547369289701042	0.550319238544474
556	1	CCNL2	0.371060024702711	8.9845691565774	4.87841444716509e-10	0.583627863881402
557	1	NEAT1	0.370967167061779	12.2914851590705	2.68136889678716e-65	0.719965197883111
558	1	EDIL3	0.370866333289645	9.1095762391816	0.0240365725750999	0.601113731656185
559	1	IQGAP1	0.370826051084879	8.40958705880937	0.00420811871932531	0.545217318059299
560	1	ARHGEF17	0.370780579894773	9.56283949036959	3.3098460383224e-09	0.594133212419805
561	1	CCDC68	0.370701798926399	9.9588627332769	4.73437548674207e-16	0.601394791694865
562	1	PDE8B	0.370326668210484	8.63648539193528	0.000547369289701042	0.553359164420485
563	1	RNPC3	0.370256638607894	8.01122418249276	0.0167123710581781	0.537606974393531
564	1	ANO6	0.370070806634994	9.5969565512099	9.6513071000349e-09	0.585811994609164
565	1	SEPTIN11	0.369803774230141	10.2263129931891	1.81235120809796e-14	0.602079160011911
566	1	ADGRG6	0.369595325227157	10.0188174606414	4.98466458855789e-25	0.627780193416529
567	1	SREK1	0.369580459227792	8.33607911385595	0.0013720251205333	0.547361017520216
568	1	INPP4B	0.369552265301072	9.20409730667264	9.08195072786949e-09	0.580048854447439
569	1	COL5A2	0.36951346205516	8.52276722681095	0.0041371512893048	0.546291273584906
570	1	ETS1	0.369473673428221	8.63648539193528	8.31398220132644e-05	0.554952830188679
571	1	ZEB2	0.369266981102584	9.70726692686573	1.44764312153944e-08	0.590919049971576
572	1	ARHGAP42	0.36926600976866	9.0549864996775	0.00979774227986534	0.548967318059299
573	1	CLMN	0.368334181263298	9.04842623103926	0.000168885579423	0.561063005390836
574	1	ARHGAP10	0.368081046244392	9.93416535903714	5.984386210115e-20	0.614233676673615
575	1	TBX2	0.367744178977749	10.7084858262375	1.50863663450698e-35	0.65660952600092
576	1	TRPC6	0.367681809639409	9.62588579836551	8.2959053556054e-09	0.576560427438348
577	1	DDX17	0.367670820005667	11.1201830657457	1.21609622387754e-62	0.713096559378468
578	1	MDM4	0.36745540345489	8.52749228501555	0.000242078360613885	0.552983490566038
579	1	COBLL1	0.367401065240585	8.75403752387388	0.000972839369586074	0.552393025606469
580	1	ROCK2	0.367238017053097	9.44291122020107	8.3971226258125e-05	0.564027964959569
581	1	LAMB1	0.367059434878018	11.1495979512943	4.51028329812631e-49	0.689107292709997
582	1	PAG1	0.366608904709872	11.8623541509016	6.233595123365e-78	0.739989950190845
583	1	ITGA1	0.366524582255597	11.6658186379482	3.95758934986459e-62	0.714741073603855
584	1	NOTCH2	0.366498423226705	8.50849848455229	0.00485840534861927	0.546167452830189
585	1	PKN2	0.366430833106819	8.33068240109167	0.0314322896167857	0.540301549865229
586	1	CCDC102B	0.366325681527886	10.4102442119386	1.43501974191399e-27	0.639804857746136
587	1	NR2F2-AS1	0.366314161838396	8.79380245967914	0.00764292072934504	0.548227762803234
588	1	MYH11	0.366152444229936	10.730168028887	2.47890277469598e-25	0.634704664194256
589	1	SRRM2	0.365996630575553	10.4153518762271	3.72111328473562e-22	0.626014709266127
590	1	PTPRG	0.365980884781608	8.85898478940258	2.40240093125979e-05	0.563087938005391
591	1	KLHL23	0.365514063711586	10.7595842973363	4.19745127416432e-23	0.628565651985599
592	1	CARMN	0.365498594577874	10.8992013455737	5.50305093164242e-32	0.649813215668228
593	1	SUN1	0.365263259099346	8.0179554182765	0.0418035246091507	0.535852425876011
594	1	TNRC6B	0.364606059652458	8.9032847513262	0.00475189805628379	0.549624326145553
595	1	ZNF207	0.364356602845358	9.13456785740608	5.88744206678212e-06	0.570144878706199
596	1	ZFHX3	0.364339244328483	9.36585724991254	1.30140942520665e-05	0.568391172506739
597	1	RBBP6	0.364214384682948	8.18277593720057	0.00211636424561772	0.544288241239892
598	1	ROCK1	0.36402074237448	9.57886123830325	6.56082470754656e-07	0.578431603773585
599	1	ADGRF5	0.363969300930346	9.91265437270054	1.18628215687925e-10	0.585744836360683
600	1	RBM25	0.363837956297731	9.27605577662047	0.00119994159148101	0.557348382749326
601	1	PRPF4B	0.363768528911077	9.14997059110882	0.000277287570551437	0.558739892183288
602	1	SORT1	0.363703120088762	9.33923009376515	0.00485840534861927	0.55356974393531
603	1	BCLAF1	0.363435641644077	8.68381526330752	0.011611385435836	0.545583726415094
604	1	PAWR	0.363080367880191	8.96380206993476	0.0388695879649089	0.54473551212938
605	1	PHF20L1	0.363051827800128	8.05769634221902	0.0328037450934404	0.537108322102426
606	1	PLCB1	0.362874218704871	9.2011429538714	0.017131438743662	0.54850909703504
607	1	IL6ST	0.362657116071674	9.20998792420399	0.0027856741780844	0.553920148247978
608	1	RERE	0.362638673984822	8.35214917374151	0.0379694480155592	0.540079177897574
609	1	FILIP1	0.362465041923536	9.51843305719875	3.07247361454071e-05	0.565844002695418
610	1	MAP4	0.362311248758328	8.91053761032264	5.13305813258612e-08	0.575092654986523
611	1	LPP	0.362272645758691	9.87050635757357	3.71704008011912e-07	0.569709130776102
612	1	MAP1B	0.362063219506327	9.52789604237702	1.34082040707362e-06	0.573825808625337
613	1	SEC31A	0.361952295445269	8.83631403101121	0.000494721577984684	0.555796832884097
614	1	GTF2I	0.361810593731348	8.50849848455229	0.0440691111499257	0.541063005390836
615	1	CDH6	0.36142691964152	9.64557924581314	0.000277287570551437	0.563094676549865
616	1	NOTCH3	0.361422860931189	10.6315710865142	1.30465714606212e-24	0.634658560271785
617	1	MYH9	0.361337170211687	10.5433419419833	1.14160770145941e-18	0.616472466229934
618	1	CWF19L2	0.361313297769104	8.06421468743287	0.0154004288214033	0.53811320754717
619	1	MYLK	0.361297706378678	9.76442467869485	2.01645519965097e-09	0.591958389487871
620	1	LUC7L3	0.361051854898624	10.0940064360517	5.94993622666761e-23	0.625390402939823
621	1	ADAMTS9	0.36097195506036	8.40958705880937	0.000235523933250899	0.547686994609164
622	1	ZRANB2	0.360297025069929	9.26478089411018	1.21899492997995e-06	0.581012628245039
623	1	NES	0.360239105375001	9.06477130626738	0.00262246866752141	0.552624663072776
624	1	LENG8	0.360202687438002	8.325265424933	0.000368551262544418	0.550429582210243
625	1	TCF4	0.360111555348714	10.4418744056911	6.17898253197808e-13	0.598208122411413
626	1	JMJD1C	0.360004267348582	8.76207867772613	0.0230688507177585	0.544192216981132
627	1	HGF	0.359384384687256	8.29232936029184	0.0350112832090285	0.5389176212938
628	1	HNRNPH1	0.359279869902605	9.33114516262424	1.65169164572135e-08	0.581591981132076
629	1	SLC38A2	0.358966996469236	10.5710685181402	2.20898735109573e-23	0.63037343331258
630	1	KCNK3	0.358750192889768	11.3949224904576	5.45994595578458e-33	0.656895454914594
631	1	PTEN	0.358488605879318	10.2364491117809	4.54412316667824e-09	0.581955009339217
632	1	PPP1R12B	0.358224267429322	8.95330533950416	0.00139946888972814	0.552731637466307
633	1	MYO1B	0.358177479590652	10.4468714978621	3.16840801405208e-16	0.609925709239057
634	1	SPTBN1	0.357302721843136	8.88130480019363	0.00738302034712061	0.548333894878706
635	1	PRRC2C	0.357234328951339	9.20409730667264	0.000176831379068035	0.562496630727763
636	1	COL18A1	0.357176799733681	10.0552666218476	6.32003018028255e-08	0.576641638017379
637	1	SCAF11	0.357085122518158	8.9032847513262	0.0010631237021333	0.553256401617251
638	1	AKAP9	0.356929953566291	9.72588717558215	7.30874116946014e-06	0.564465126823854
639	1	ASAP1	0.356840624396704	8.70482603430618	0.00720687855854992	0.546593665768194
640	1	ARGLU1	0.356784355552539	9.82325201486524	1.05628656876015e-08	0.57906103651769
641	1	HNRNPA3	0.35674860334636	9.30661491168569	0.0318433002962026	0.547811657681941
642	1	TBX3	0.356728039462691	10.2818997426181	1.09549756436439e-12	0.594489354646599
643	1	TBX5	0.356363096178325	9.54896350863021	0.000204945197703543	0.557316903982025
644	1	ZBTB38	0.356351568461934	9.88714600919183	0.00374588398947018	0.55143082888931
645	1	SFPQ	0.355993009669725	9.63028541048613	3.19699743622629e-07	0.581356132075472
646	1	COL4A1	0.355729932453339	11.7007520589823	1.58516259158154e-49	0.692474993909207
647	1	ACTN4	0.355720000089663	10.3687185482916	1.37698464030181e-06	0.571774924880214
648	1	CLK1	0.355692899105948	8.5037107032772	0.0101500987730622	0.544673180592992
649	1	FRMD4B	0.355367060550437	9.8667824488851	1.60705018406225e-08	0.57848960166211
650	1	FLNA	0.355298939266059	10.4971178486669	2.64900961972316e-13	0.599074368587748
651	1	CPM	0.355250776232582	10.6127962099945	2.10940550685471e-16	0.610604578923148
652	1	SON	0.354986929310402	10.6608967380062	3.83174517783803e-26	0.639662739232831
653	1	PCM1	0.3549526904272	8.77802776471753	0.00377541464956064	0.550265330188679
654	1	RGN	0.35482320496316	11.5305543718663	2.87215600343469e-23	0.6322586184727
655	1	PNISR	0.354710091741568	10.4255132738654	7.82680039216838e-25	0.634793488265071
656	1	LAMC3	0.354468678501112	10.5103060612487	3.6349460408871e-19	0.619356287729081
657	1	NR2F2	0.354320908685385	10.4874501278345	2.93243384109091e-13	0.599255400503506
658	1	MT-ND5	0.354286111517784	10.6425020644376	1.13441008893068e-12	0.598700461546791
659	1	WSB1	0.354222279243642	9.65424633494804	0.00124716713916472	0.553165859072575
660	1	SF3B1	0.353376901465252	9.24483530493953	0.00810263798008699	0.552555592991914
661	1	SGIP1	0.353308847124543	9.52317230852461	5.74842675328714e-06	0.565595307382042
662	1	TNS2	0.353126605576771	10.2874816991157	1.40789390952926e-20	0.622722720012994
663	1	PDGFRB	0.352964487133973	12.4996790761971	4.03017660557979e-103	0.776575739016269
664	1	SRSF11	0.352796655228899	9.44040796960178	0.00233178875393077	0.550833592756016
665	1	TPM1	0.352559742012485	11.0789338547577	8.75372867489235e-15	0.606617224087058
666	1	F2R	0.352435775969193	10.0404667323396	0.00705439581803549	0.550011758615089
667	1	PPP1R12A	0.352137332647059	10.0699162270514	0.00321853273849589	0.553175164451423
668	1	PNN	0.350587668704338	9.27886078288856	0.00611663259127516	0.557234847459462
669	2	SLC39A7	0.386266145600156	7.601717062649	0.0215871485180594	0.576650793650794
670	2	SFTPC	0.378839185965666	9.17835848132055	6.92097221746763e-06	0.554971361185984
671	2	CES1	0.372794655508529	8.632795199935	3.9172915358452e-06	0.558679245283019
672	2	LRCOL1	0.371888946760813	8.33972610314934	0.0172164996113215	0.590936507936508
673	2	EPHX1	0.365423033948587	8.27196413804753	6.14468255753711e-08	0.565359669811321
674	2	TSC22D4	0.364331006524645	8.67156142112868	8.35393283233678e-07	0.563973214285714
675	2	TSPAN8	0.364291258994316	8.11907777606024	0.000547881022632953	0.545395889487871
676	2	PRDX5	0.36400552226831	7.89988405729813	0.000505180217101165	0.543613544474394
677	2	DIO3OS	0.362924595856265	9.218183295569	0.000127689704942888	0.559211590296496
678	2	LDHB	0.362815264178257	8.49368964889721	3.94576508330483e-09	0.572206030997305
679	2	UBE2E3	0.362714436454529	8.12607301391231	0.000182779195769527	0.549199797843666
680	2	TBX2-AS1	0.36270853692001	8.09075262888973	0.000544906369171866	0.544772574123989
681	2	PLOD1	0.360946201229903	8.46638988202688	0.0141691337664659	0.541267688679245
682	2	UQCRFS1	0.360514634951158	8.01740680432099	1.57651229323354e-08	0.563571428571429
683	2	SCPEP1	0.360336766763455	8.15371963991154	1.73751965241502e-05	0.552802392183288
684	2	ERGIC3	0.360156078959628	7.95592120128303	0.000120075002428736	0.547789757412399
685	2	IFI27L2	0.359802439969901	8.01740680432099	1.54606505386827e-05	0.551677897574124
686	2	SSR4	0.359126583791698	9.43929386514031	7.9840814106055e-14	0.605619946091644
687	2	RGCC	0.358948461128153	9.55266554148074	3.62601591903951e-08	0.579433962264151
688	2	PSMB6	0.358927635512838	8.41018993405145	6.42017993330167e-09	0.572273416442049
689	2	UBE2D2	0.358647934364703	8.6179850332759	6.14918585341913e-05	0.558325471698113
690	2	CCND3	0.358622304182539	7.85848156537502	0.00330867101488374	0.539344676549865
691	2	SELENBP1	0.357810501214391	7.96375174062527	0.000536199844388177	0.543621967654986
692	2	LUM	0.357674572445297	8.25291754435179	0.0200233800105345	0.535539925876011
693	2	ATP5F1C	0.357439707061702	8.46638988202688	3.08815419196642e-08	0.569914925876011
694	2	NDN	0.35737771350006	8.66196708483012	5.28708146418762e-05	0.555734501347709
695	2	RAB5C	0.357362399689134	8.68109237362422	7.77253287917419e-09	0.576251684636119
696	2	ATP5F1D	0.357227384222438	9.01462014438121	3.75433537871297e-12	0.59230795148248
697	2	CHMP5	0.356867568144284	8.32764012285924	2.98911783716384e-06	0.55877358490566
698	2	KCNK17	0.356849608266043	9.68408162517196	0.0168615326768685	0.547604447439353
699	2	CDC42EP2	0.356723142059602	8.74155453330697	0.0042977441219424	0.546891004043127
700	2	PYURF	0.356612976328091	8.20747252885589	3.80712567942508e-07	0.560183625336927
701	2	GRN	0.356539292317442	9.51585607580964	1.40921944858704e-05	0.569346361185984
702	2	PON2	0.356536954730955	8.41590947464782	0.0089732385210966	0.597388888888889
703	2	C1S	0.356422319318769	8.89686064434557	0.000354727091942359	0.554337095687332
704	2	UQCR10	0.356406520487273	8.29697464617024	1.70877620263431e-05	0.554349730458221
705	2	RTRAF	0.356322802197589	8.30316010852478	4.99194645396707e-06	0.559071765498652
706	2	H2AZ1	0.355919405442458	8.86376416434938	3.4816512767349e-09	0.579780997304582
707	2	TMEM106C	0.355896362906551	9.31930239948992	7.43421001590955e-05	0.563008760107817
708	2	PSMB2	0.355846179150165	8.06913773654507	7.47392436371386e-05	0.550289757412399
709	2	RNF181	0.355843183526817	8.13303449734921	6.23640865235808e-09	0.564784366576819
710	2	RERG	0.3554208531733	8.62293866756117	0.00213379230816427	0.547897574123989
711	2	GNG11	0.355014675878625	8.82129641823707	8.54099368525024e-10	0.577552223719677
712	2	FXYD1	0.354895416271534	9.77144129911485	6.77036851213592e-14	0.608888982479784
713	2	PKM	0.354864092095084	8.26564317179616	1.09482324045241e-05	0.557272574123989
714	2	JTB	0.354853698546283	8.05454577410354	0.000110128773296076	0.550464117250674
715	2	FIS1	0.354721070133304	8.31545203795344	7.53027767227616e-08	0.565802729110512
716	2	ADH5	0.354533098062026	8.51516351459223	0.0279104045415024	0.539837432614555
717	2	SERPINB6	0.354338938516944	8.9292148630656	0.00026991880067139	0.557177392183288
718	2	PGAM1	0.354292302496421	8.70464787065589	5.37669096581589e-08	0.571870788409704
719	2	TMEM109	0.354188201103123	8.41590947464782	0.0100949874004969	0.542084737196766
720	2	BCAP31	0.354154479982655	8.37538817343936	0.000150627573305369	0.552537904312668
721	2	HLA-B	0.354114989896867	11.6003991087251	1.87716254704053e-15	0.625278807277628
722	2	TCF21	0.354110698297455	10.183832970998	1.02118356277468e-14	0.611730121293801
723	2	UQCRC2	0.354061140743203	8.01740680432099	0.00751288103228166	0.538904986522911
724	2	OTULINL	0.354042067353826	9.90757735240626	0.0118989141870223	0.609492063492064
725	2	CHMP2A	0.354041172421887	8.05454577410354	0.000162123107223259	0.547496630727763
726	2	COX5B	0.35403954669791	9.25055094374849	6.25856871488705e-18	0.615920653638814
727	2	ATP5PF	0.353985167697908	8.75515470031832	1.7167247588807e-05	0.56275269541779
728	2	SPCS2	0.353980563029239	9.02213928911336	0.000322718679549452	0.557875673854447
729	2	SGCE	0.353920359668111	9.25055094374849	2.90481795544357e-05	0.565308288409703
730	2	ATP6V1E1	0.353883121500532	8.43856354820399	0.000139226938013794	0.552131064690027
731	2	ASAH1	0.353672867582125	9.1023623362463	4.37116428693992e-06	0.568086253369272
732	2	NDUFS6	0.35349802180232	8.18084641500421	0.000198980483411229	0.548862870619946
733	2	RAB7A	0.353483941578922	9.08092197977526	3.93440445800774e-09	0.581223045822102
734	2	FAM162B	0.353431598894549	10.5659218732286	7.4389715839404e-09	0.591522911051213
735	2	TMEM204	0.353217395725577	10.1855081082419	5.66488544913668e-10	0.596463106469003
736	2	GADD45GIP1	0.353159400282429	8.16734678409617	0.000108439822250651	0.549055761455526
737	2	PRDX2	0.353132553934879	8.32764012285924	1.67395505974518e-07	0.562895889487871
738	2	APOE	0.353101798787706	11.8038548422627	2.98343476950693e-07	0.587361859838275
739	2	NDUFB9	0.35292001452154	8.59295847190804	9.34394166444652e-08	0.567927897574124
740	2	CADM1	0.352609494778639	9.75348425692058	0.000225306969684377	0.641174603174603
741	2	KDELR1	0.352582814837507	8.30931916428294	0.00173803685392156	0.546354447439353
742	2	NME3	0.3525539054182	8.63769832806366	0.0468442405174857	0.540129716981132
743	2	YIPF3	0.352537084118355	7.99465567534501	0.00320182704465605	0.541388140161725
744	2	RTL8C	0.352452423771697	8.06186020382297	0.000807841857012062	0.544935983827493
745	2	SRSF9	0.352346935359059	8.13303449734921	6.26985663708137e-05	0.550869272237197
746	2	SYPL1	0.352342941160691	9.31624739446195	6.87832569507221e-05	0.563556266846361
747	2	SUMO1	0.352321770463383	8.38708228812952	1.47384170266184e-10	0.577438510781671
748	2	XRCC6	0.352316289477458	8.43856354820399	0.00443199023522535	0.545174359838275
749	2	TESC	0.352284837624605	9.1682281028737	4.10778159576655e-06	0.570142351752022
750	2	DAZAP2	0.352258374564429	8.79080722280558	0.000152705581459859	0.557120956873315
751	2	ATP6V0B	0.352195254613523	8.65714588320364	2.48556204469845e-05	0.559712769541779
752	2	NDUFAF3	0.352170844118805	8.26564317179616	3.5409415411239e-08	0.565719339622642
753	2	ANAPC16	0.35204491714908	8.73699250372592	0.000420549472834554	0.553632917789757
754	2	RP11-84E17.1	0.351963855682622	9.73986825907001	1.39079426132056e-07	0.565237533692722
755	2	HOXB2	0.351916026158419	7.8751854109503	0.00980120318449668	0.537736691374663
756	2	SEC61B	0.351853366349039	8.88865743219811	3.20652696998779e-09	0.580422843665768
757	2	F10_ENSG00000126218	0.351711180052908	9.05549874299834	0.000110128773296076	0.56015667115903
758	2	CTSA	0.351612676225072	8.13996255056042	0.000413220438283005	0.546950808625337
759	2	ATP5MF	0.351584738197922	8.16734678409617	3.15106200559237e-05	0.552410714285714
760	2	SH3BGRL	0.351559849047923	9.04815190716825	1.34742709001272e-06	0.571250842318059
761	2	RCN1	0.351367801164066	9.53962685252002	3.12703235123687e-11	0.593414757412399
762	2	DCTN2	0.351351644546576	7.99465567534501	0.00226143532056645	0.542334063342318
763	2	GAS6	0.351307117237258	10.9800781089136	8.19584347139397e-10	0.59302418528387
764	2	BANF1	0.351194954178209	8.00986288926976	0.000539850722601928	0.544337095687332
765	2	UXS1	0.351021741872148	9.33749781075017	0.00474864718342753	0.616238095238095
766	2	AGTR1	0.350920423969103	9.52382326546372	0.00464982025899046	0.553123315363881
767	2	HLA-A	0.350702013497114	11.4356244714884	2.83143178009988e-14	0.621359501347709
768	2	AP2M1	0.350673779467671	9.27907365318295	1.14790278200647e-10	0.591791610512129
769	2	PSME1	0.350599079713608	8.97642510811202	1.31226320086791e-08	0.576800876010782
770	2	LY6E	0.350535281033506	8.9292148630656	3.83887352392957e-05	0.560502021563342
771	2	KDELR2	0.350478562948488	8.42160642973064	0.000126755545243238	0.553936994609164
772	2	EIF3F	0.350439890757446	8.44417191722703	1.95337984429355e-05	0.557532850404313
773	2	SELENOS	0.350233645777221	8.92119407722259	0.0070722746758842	0.546883423180593
774	2	PSMA1	0.350223929780055	8.36359849411544	0.00604940791884636	0.543476246630728
775	2	SLC39A1	0.350176307331058	8.15371963991154	5.69955370959859e-06	0.555208894878706
776	2	P4HB	0.350135327051788	9.12348872100334	1.96479473701733e-05	0.566053739892183
777	2	LPL	0.350054661348534	9.90554607385885	0.00357491857338311	0.625
778	3	ZG16B	9.18684334031934	4.69734978675053	0.00370704977498018	0.511111111111111
779	3	HSH2D	3.95891126357521	4.69734978675053	0.00370704977498018	0.511111111111111
780	3	RP11-287D1.2	3.95891126357521	4.69734978675053	0.00370704977498018	0.511111111111111
781	3	CYP39A1	2.48724408771726	4.69734978675053	0.00370704977498018	0.511111111111111
782	3	TYRO3	2.31411214147044	4.69734978675053	0.0171180469745888	0.511111111111111
783	3	SPP1	2.31411214147044	4.69734978675053	0.0171180469745888	0.511111111111111
784	3	LINC02773	2.26069908754142	5.26365643676157	0.000492738780768492	0.516666666666667
785	3	TNC	1.88120778305333	5.26365643676157	0.00370704977498018	0.511111111111111
786	3	STEAP1	1.77199484415363	5.26365643676157	0.000492738780768492	0.516666666666667
787	3	LRRC8E	1.76647522175781	4.69734978675053	0.0171180469745888	0.511111111111111
788	3	FAM156A	1.76647522175781	4.69734978675053	0.0171180469745888	0.511111111111111
789	3	SYT3	1.63207603867332	4.69734978675053	0.00370704977498018	0.511111111111111
790	3	CSGALNACT1	1.34020479159809	4.69734978675053	0.00370704977498018	0.511111111111111
791	3	C1orf194	1.19787403492198	5.26365643676157	4.6346845343944e-05	0.516666666666667
792	3	CFAP43	1.00216567083766	4.69734978675053	0.0171180469745888	0.511111111111111
793	3	RP11-215P8.3	0.930506511246657	4.69734978675053	0.0171180469745888	0.511111111111111
794	3	PPM1N	0.922593510330917	4.69734978675053	0.0171180469745888	0.511111111111111
795	3	HBA2	0.892360474018497	5.6692747574878	0.00370704977498018	0.511111111111111
796	3	FBXO48	0.851576166269799	5.6692747574878	0.0136936609858544	0.51597619047619
797	3	VANGL2	0.847159300124692	5.26365643676157	0.000492738780768492	0.516666666666667
798	3	H2AW	0.778725131713076	5.6692747574878	3.79932975842845e-05	0.521658805031447
799	3	EDRF1-DT	0.74730537079219	5.6692747574878	0.00451215869792579	0.520505765199161
800	3	FRMD3	0.742303513583309	4.69734978675053	0.00370704977498018	0.511111111111111
801	3	FGR	0.723095004799583	5.6692747574878	0.00067441163770166	0.521042976939203
802	3	SHLD3	0.721387052651117	5.26365643676157	0.0137759329023695	0.515960317460317
803	3	VTN	0.70987692886369	5.26365643676157	0.0254173700931986	0.515487421383648
804	3	NMNAT3	0.652039987382768	4.69734978675053	0.00370704977498018	0.511111111111111
805	3	COL14A1	0.624566293296467	5.26365643676157	0.0137759329023695	0.515960317460317
806	3	ABCA8	0.588775464712062	5.98552168480534	0.000212191372075114	0.526349206349206
807	3	PUS1	0.587146207047168	6.46442823630812	8.36850522643275e-05	0.534990828092243
808	3	CCDC77	0.572960946188768	5.98552168480534	0.0218837637163095	0.524277777777778
809	3	PARVB	0.553943076277127	6.2447561786321	0.00148070812526504	0.52565873015873
810	3	TNFRSF12A	0.550224513833296	7.81697953155151	6.96204468841404e-05	0.54381746031746
811	3	RGS16	0.514156064683036	8.59856540318385	0.000740218829894125	0.53852380952381
812	3	RELB	0.466990318717869	7.11055172868655	8.22751855806204e-06	0.544090670859539
813	3	LY96	0.463496756012654	6.2447561786321	0.024114730653027	0.527646750524109
814	3	CXCL8	0.450842159279107	8.2891182287151	0.000322445190523018	0.549652777777778
815	3	VSIG4	0.449757330432398	5.98552168480534	0.0113629193661094	0.524279350104822
816	3	C1orf56	0.445072317688655	7.96834270521073	0.00110210784258432	0.557822327044025
817	3	IDH3A	0.439519575914282	6.82336316640731	0.0431052338200986	0.53706105870021
818	3	IER5	0.434789299270718	7.64785403089522	0.000247777461573443	0.560539682539683
819	3	MYC	0.433190725726521	8.59856540318385	3.75910429611409e-08	0.585508385744235
820	3	EGR1	0.432002443360347	10.1810445941439	9.36140783557834e-18	0.67652380952381
821	3	ICAM1	0.423245871517851	7.23521237904261	6.94078162302152e-07	0.55847619047619
822	3	BMP2	0.418116274555969	6.82336316640731	0.0105906804807334	0.539293650793651
823	3	MT1A	0.417484253624372	10.3831901608554	1.11044444305198e-16	0.618867924528302
824	3	HSPH1	0.413386484674718	7.23521237904261	0.0163315197255107	0.541679769392034
825	3	CD44	0.408023320455623	7.45623623193605	0.000540459293387253	0.558844339622641
826	3	ECRG4	0.406260896337822	7.64785403089522	0.0393188073053225	0.548827306079665
827	3	ATF3	0.402442641176032	8.89161085581159	0.000402350882225585	0.584106394129979
828	3	MAP3K8	0.401343657353822	7.64785403089522	0.00101011260826095	0.560252882599581
829	3	FOSL2	0.399291850745812	8.03845769485109	0.00501950568875542	0.567190476190476
830	3	IRF1	0.397904729840102	8.89161085581159	5.34884221710051e-05	0.591111111111111
831	3	SCN7A	0.397887932417051	8.81377709042048	0.00108494671612436	0.591325995807128
832	3	THBS1	0.397363025474234	10.2999988288355	2.89422872165189e-13	0.686793650793651
833	3	NR4A1	0.393247695852553	9.70845714406279	0.000775054172290787	0.595380952380952
834	3	FRZB	0.390070244236409	7.11055172868655	0.00853268729429226	0.542295597484277
835	3	ADAMTS4	0.388591934175731	8.89161085581159	0.017831439685586	0.563857142857143
836	3	RPS19BP1	0.38720212300939	8.39980786156451	0.000308076949381198	0.588404088050314
837	3	CSRNP1	0.382600753988953	7.45623623193605	0.0245611961132425	0.551375786163522
838	3	CCN1	0.380004764056395	10.6188401944505	0.0207606362696603	0.595055555555556
839	3	HMGB2	0.378281362289637	8.23041669884721	0.0399179190471539	0.563888888888889
840	3	LRRC32	0.377450173289602	7.64785403089522	0.0173654619367992	0.556206349206349
841	3	EIF5A	0.377015049778242	8.6442527830902	0.00101011260826095	0.591705974842767
842	3	TOMM22	0.375758192997985	7.45623623193605	0.0429877269011869	0.551166142557652
843	3	GPX1	0.375705158068157	8.81377709042048	3.75505842181548e-06	0.607009958071279
844	3	CDKN1A	0.373375284839009	8.55138374175821	0.016305080030175	0.572340146750524
845	3	SNHG32	0.372893129376329	8.45212271981953	0.00056871329214585	0.585888364779874
846	3	JUNB	0.37242736455104	11.9897254590751	7.56840276784754e-15	0.755607966457023
847	3	VMP1	0.372393392460785	10.1654612469006	0.00199642942663862	0.616325995807128
848	3	MT1M	0.37175477832497	11.1569743160271	5.89994578521543e-08	0.63814858490566
849	3	MICOS10	0.371388019977065	8.59856540318385	0.00222312396187362	0.588305817610063
850	3	ZFP36	0.370468271881701	11.9584177028041	3.71361343488894e-06	0.671213312368973
851	3	TMEM230	0.370463107465715	8.39980786156451	0.00150355367602096	0.585462526205451
852	3	C11orf96	0.369206803342033	9.99960448491765	0.00758688853554596	0.5958464360587
853	3	BTG2	0.36861026163022	9.66478882408428	0.00370704977498018	0.593632075471698
854	3	EIF3L	0.367880047713029	8.81377709042048	0.00613969324000533	0.591837002096436
855	3	FOS	0.367798922326729	12.1126435403596	2.65268222117701e-09	0.706577568134172
856	3	APOLD1	0.367738304783733	9.57327489420085	0.00076093716863836	0.618333333333333
857	3	EEF1B2	0.367377606720111	9.42410385055887	5.67436860169352e-05	0.625117924528302
858	3	RPL17	0.365959171027407	8.92900767152183	0.00236563411691126	0.586923480083857
859	3	FOSB	0.365092465087042	9.57327489420085	0.000122751680094936	0.613531746031746
860	3	TRA2B	0.362921651845451	9.22801286745428	0.00175733402409757	0.615055555555556
861	3	HNRNPH1	0.362770533116039	9.39767052911182	0.00108494671612436	0.619520165789893
862	3	RPL12	0.362510263118847	11.3206867710129	5.73603223769752e-15	0.767295597484277
863	3	HSPB1	0.361827082709782	9.81217320015637	0.0323843646709626	0.586713836477987
864	3	RPS2	0.360974499194531	11.1958465257063	1.99743954364088e-16	0.775989255765199
865	3	RGS5_ENSG00000143248	0.360805818730405	10.0682516861557	0.00851367102577104	0.594038259958071
866	3	NOP53	0.360331063283995	9.16671692052648	0.0115379892977803	0.59601677148847
867	3	SEM1	0.359914243462753	9.16671692052648	0.00148070812526504	0.607416142557652
868	3	RPS28	0.359389626680664	11.685474731445	1.99743954364088e-16	0.788207547169811
869	3	RP11-84E17.1	0.359343075718592	9.8900912474671	0.0108413063217052	0.586229035639413
870	3	JUN	0.358758572466885	11.3416382544643	0.00759343351545879	0.623039682539683
871	3	TOMM7	0.358382105426002	9.79201792060708	0.000148908225438577	0.629101153039832
872	3	MT2A	0.358363288320309	13.9399423427904	5.24555909667206e-08	0.704179769392034
873	3	RGS2	0.357932797126283	9.22801286745428	0.00157210030350248	0.590146750524109
874	3	RPS19	0.357473576614324	11.486635412687	1.64158509393939e-13	0.761150419287212
875	3	RPS20	0.356509009411579	10.718314702989	0.000401701721901986	0.644562368972746
876	3	RPL41	0.356055481365418	11.685474731445	2.22436005689481e-10	0.725694444444444
877	3	PRDX6	0.355694370205541	8.81377709042048	0.0172166442101538	0.586923480083857
878	3	RPS25	0.35527972879787	11.3416382544643	5.40587930758901e-12	0.744981656184486
879	3	EEF1D	0.354802004725031	10.1497077355941	8.15383288207123e-09	0.692570754716981
880	3	MT1E	0.354752422241274	11.2994265310347	0.000456919171970471	0.634499475890985
881	3	RPS6	0.354733292678446	11.3960654492351	6.14778036897751e-11	0.731184486373166
882	3	RPL37	0.354715012504458	10.990080153325	1.11980919641986e-11	0.738286163522013
883	3	RPS12	0.354418397600085	11.595305181694	4.26896118777089e-11	0.738043763102725
884	3	RPS23	0.354300883308828	11.5836271674753	7.56840276784754e-15	0.77437106918239
885	3	RPS13	0.35409832486059	11.2034968441744	2.25144741780406e-12	0.744333071278826
886	3	RPL39	0.354081120231718	11.1958465257063	2.25144741780406e-12	0.743153825995807
887	3	DUSP1	0.353810408229769	10.8893308426398	2.1339147544239e-06	0.66375786163522
888	3	RPS10	0.353582252604881	9.31533418204843	0.0147273776473688	0.596540880503145
889	3	RPS3	0.353434047156013	11.3206867710129	2.89422872165189e-13	0.755837264150943
890	3	RPSA	0.353343660385054	10.1497077355941	3.79932975842845e-05	0.650104821802935
891	3	RPL36	0.35334058848643	10.5604614191212	1.47179232153747e-07	0.689078878406709
892	3	RPLP0	0.353280313589604	10.728955650643	2.79853695956653e-11	0.729219077568134
893	3	RPLP1	0.352974705347574	12.0546096294793	1.02277974056413e-10	0.735927672955975
894	3	ATP5MK	0.352794659016825	9.03571143931544	0.0429877269011869	0.587886530398323
895	3	RPL31	0.35267030653806	10.728955650643	0.00066580465606416	0.638692348008386
896	3	TMED2	0.352638186132255	8.85321880340784	0.0435446799823362	0.581774109014675
897	3	RPL7	0.352528006405842	11.3206867710129	7.28690705387096e-12	0.738705450733753
898	3	IFITM2	0.352464875791746	10.4361001124789	1.49523113474154e-05	0.658608490566038
899	3	ATP5F1E	0.352372630280924	9.99960448491765	0.000188893625902068	0.639904350104822
900	3	RPL28	0.352330285304919	11.2411514948677	1.76822736440478e-10	0.729376310272537
901	3	RPL5	0.352210635965508	10.9632933933195	7.48001749113911e-10	0.720767819706499
902	3	RPL10A	0.3517765491992	10.9632933933195	2.92523824355815e-07	0.686975890985325
903	3	RPS8	0.351657809228139	11.8794302349815	5.13559240433663e-15	0.778016897816037
904	3	RPL21	0.351416379014759	11.921785184416	6.97346027148162e-09	0.714668501048218
905	3	GADD45B	0.351394050959243	9.34330500876129	0.0431052338200986	0.586287997903564
906	3	RPS15A	0.351335230137152	11.4159576734438	1.51395297699307e-12	0.749764150943396
907	3	RPL35A	0.351325368390169	11.4549377251554	2.29963118244405e-15	0.779251834381551
908	3	RPL27A	0.351189428873793	11.0422062528616	0.0145676493291938	0.621305031446541
909	3	RPL29	0.351032119396187	11.0591713299115	6.85486154170246e-12	0.738364779874214
910	3	RPS14	0.35100230970307	11.6297825437245	2.25144741780406e-12	0.750936844863732
911	3	RPS18	0.350991041827877	11.8746464445798	4.02412470384013e-12	0.749456236897275
912	3	COX7B	0.350977629924069	8.92900767152183	0.0416576720369776	0.585416666666667
913	3	RPL37A	0.35092405460873	11.4549377251554	2.89422872165189e-13	0.761039046121593
914	3	RPL34	0.350673655377067	11.7232183391692	1.48972695361479e-12	0.754520440251572
915	3	RPL15	0.350518364062433	11.4928922267469	7.41280197225676e-12	0.74018605870021
916	3	RPS27	0.350294362660239	12.1247813733481	2.89422872165189e-13	0.760879961740794
917	3	RPS9	0.350236926480459	11.0925144723027	1.42300239779398e-13	0.756623427672956
